净值日期,单位净值,累计净值,日增长率,申购状态,赎回状态,分红送配
2021-01-21,1.2294,1.2842,0.01%,限制大额申购,开放赎回,nan
2021-01-20,1.2293,1.2841,0.01%,限制大额申购,开放赎回,nan
2021-01-19,1.2292,1.2840,0.00%,限制大额申购,开放赎回,nan
2021-01-18,1.2292,1.2840,0.02%,限制大额申购,开放赎回,nan
2021-01-15,1.2289,1.2837,0.02%,限制大额申购,开放赎回,nan
2021-01-14,1.2286,1.2834,0.02%,限制大额申购,开放赎回,nan
2021-01-13,1.2284,1.2832,0.00%,限制大额申购,开放赎回,nan
2021-01-12,1.2284,1.2832,0.01%,限制大额申购,开放赎回,nan
2021-01-11,1.2283,1.2831,0.03%,限制大额申购,开放赎回,nan
2021-01-08,1.2279,1.2827,0.02%,限制大额申购,开放赎回,nan
2021-01-07,1.2276,1.2824,0.02%,限制大额申购,开放赎回,nan
2021-01-06,1.2274,1.2822,0.02%,限制大额申购,开放赎回,nan
2021-01-05,1.2272,1.2820,0.02%,限制大额申购,开放赎回,nan
2021-01-04,1.2270,1.2818,0.04%,限制大额申购,开放赎回,nan
2020-12-31,1.2265,1.2813,0.02%,限制大额申购,开放赎回,nan
2020-12-30,1.2262,1.2810,0.01%,限制大额申购,开放赎回,nan
2020-12-29,1.2261,1.2809,0.01%,限制大额申购,开放赎回,nan
2020-12-28,1.2260,1.2808,0.03%,限制大额申购,开放赎回,nan
2020-12-25,1.2256,1.2804,0.01%,限制大额申购,开放赎回,nan
2020-12-24,1.2255,1.2803,0.02%,限制大额申购,开放赎回,nan
2020-12-23,1.2253,1.2801,0.02%,限制大额申购,开放赎回,nan
2020-12-22,1.2251,1.2799,0.02%,限制大额申购,开放赎回,nan
2020-12-21,1.2249,1.2797,0.02%,限制大额申购,开放赎回,nan
2020-12-18,1.2246,1.2794,0.02%,限制大额申购,开放赎回,nan
2020-12-17,1.2244,1.2792,0.02%,限制大额申购,开放赎回,nan
2020-12-16,1.2242,1.2790,0.02%,限制大额申购,开放赎回,nan
2020-12-15,1.2240,1.2788,0.01%,限制大额申购,开放赎回,nan
2020-12-14,1.2239,1.2787,0.02%,限制大额申购,开放赎回,nan
2020-12-11,1.2236,1.2784,0.01%,限制大额申购,开放赎回,nan
2020-12-10,1.2235,1.2783,0.02%,限制大额申购,开放赎回,nan
2020-12-09,1.2232,1.2780,0.02%,限制大额申购,开放赎回,nan
2020-12-08,1.2230,1.2778,0.00%,限制大额申购,开放赎回,nan
2020-12-07,1.2230,1.2778,0.04%,限制大额申购,开放赎回,nan
2020-12-04,1.2225,1.2773,0.01%,限制大额申购,开放赎回,nan
2020-12-03,1.2224,1.2772,0.01%,限制大额申购,开放赎回,nan
2020-12-02,1.2223,1.2771,0.01%,限制大额申购,开放赎回,nan
2020-12-01,1.2222,1.2770,0.02%,限制大额申购,开放赎回,nan
2020-11-30,1.2220,1.2768,0.05%,限制大额申购,开放赎回,nan
2020-11-27,1.2214,1.2762,0.00%,限制大额申购,开放赎回,nan
2020-11-26,1.2214,1.2762,0.01%,限制大额申购,开放赎回,nan
2020-11-25,1.2213,1.2761,0.00%,限制大额申购,开放赎回,nan
2020-11-24,1.2213,1.2761,0.00%,限制大额申购,开放赎回,nan
2020-11-23,1.2213,1.2761,0.02%,限制大额申购,开放赎回,nan
2020-11-20,1.2210,1.2758,-0.06%,限制大额申购,开放赎回,nan
2020-11-19,1.2217,1.2765,-0.03%,限制大额申购,开放赎回,nan
2020-11-18,1.2221,1.2769,-0.04%,限制大额申购,开放赎回,nan
2020-11-17,1.2226,1.2774,-0.02%,限制大额申购,开放赎回,nan
2020-11-16,1.2229,1.2777,0.00%,限制大额申购,开放赎回,nan
2020-11-13,1.2229,1.2777,-0.05%,限制大额申购,开放赎回,nan
2020-11-12,1.2235,1.2783,-0.17%,限制大额申购,开放赎回,nan
2020-11-11,1.2256,1.2804,-0.01%,限制大额申购,开放赎回,nan
2020-11-10,1.2257,1.2805,-0.01%,限制大额申购,开放赎回,nan
2020-11-09,1.2258,1.2806,0.02%,限制大额申购,开放赎回,nan
2020-11-06,1.2256,1.2804,0.00%,限制大额申购,开放赎回,nan
2020-11-05,1.2256,1.2804,0.01%,限制大额申购,开放赎回,nan
2020-11-04,1.2255,1.2803,0.01%,限制大额申购,开放赎回,nan
2020-11-03,1.2254,1.2802,0.01%,限制大额申购,开放赎回,nan
2020-11-02,1.2253,1.2801,0.03%,限制大额申购,开放赎回,nan
2020-10-30,1.2249,1.2797,0.00%,限制大额申购,开放赎回,nan
2020-10-29,1.2249,1.2797,0.00%,限制大额申购,开放赎回,nan
2020-10-28,1.2249,1.2797,0.01%,限制大额申购,开放赎回,nan
2020-10-27,1.2248,1.2796,0.01%,限制大额申购,开放赎回,nan
2020-10-26,1.2247,1.2795,0.02%,限制大额申购,开放赎回,nan
2020-10-23,1.2244,1.2792,0.01%,限制大额申购,开放赎回,nan
2020-10-22,1.2243,1.2791,0.02%,限制大额申购,开放赎回,nan
2020-10-21,1.2241,1.2789,0.02%,限制大额申购,开放赎回,nan
2020-10-20,1.2239,1.2787,0.02%,限制大额申购,开放赎回,nan
2020-10-19,1.2237,1.2785,0.03%,限制大额申购,开放赎回,nan
2020-10-16,1.2233,1.2781,0.01%,限制大额申购,开放赎回,nan
2020-10-15,1.2232,1.2780,0.01%,限制大额申购,开放赎回,nan
2020-10-14,1.2231,1.2779,0.02%,限制大额申购,开放赎回,nan
2020-10-13,1.2229,1.2777,0.01%,限制大额申购,开放赎回,nan
2020-10-12,1.2228,1.2776,0.02%,限制大额申购,开放赎回,nan
2020-10-09,1.2225,1.2773,0.07%,限制大额申购,开放赎回,nan
2020-09-30,1.2217,1.2765,0.02%,限制大额申购,开放赎回,nan
2020-09-29,1.2214,1.2762,0.01%,限制大额申购,开放赎回,nan
2020-09-28,1.2213,1.2761,0.02%,限制大额申购,开放赎回,nan
2020-09-25,1.2210,1.2758,0.00%,限制大额申购,开放赎回,nan
2020-09-24,1.2210,1.2758,0.01%,限制大额申购,开放赎回,nan
2020-09-23,1.2209,1.2757,0.01%,限制大额申购,开放赎回,nan
2020-09-22,1.2208,1.2756,0.01%,限制大额申购,开放赎回,每份派现金0.0228元
2020-09-21,1.2435,1.2755,0.02%,限制大额申购,开放赎回,nan
2020-09-18,1.2432,1.2752,0.01%,限制大额申购,开放赎回,nan
2020-09-17,1.2431,1.2751,0.02%,限制大额申购,开放赎回,nan
2020-09-16,1.2429,1.2749,0.02%,限制大额申购,开放赎回,nan
2020-09-15,1.2427,1.2747,0.02%,限制大额申购,开放赎回,nan
2020-09-14,1.2425,1.2745,0.02%,限制大额申购,开放赎回,nan
2020-09-11,1.2422,1.2742,0.01%,限制大额申购,开放赎回,nan
2020-09-10,1.2421,1.2741,0.02%,限制大额申购,开放赎回,nan
2020-09-09,1.2419,1.2739,0.01%,限制大额申购,开放赎回,nan
2020-09-08,1.2418,1.2738,0.00%,限制大额申购,开放赎回,nan
2020-09-07,1.2418,1.2738,0.02%,限制大额申购,开放赎回,nan
2020-09-04,1.2416,1.2736,0.00%,限制大额申购,开放赎回,nan
2020-09-03,1.2416,1.2736,-0.01%,限制大额申购,开放赎回,nan
2020-09-02,1.2417,1.2737,0.00%,限制大额申购,开放赎回,nan
2020-09-01,1.2417,1.2737,0.01%,限制大额申购,开放赎回,nan
2020-08-31,1.2416,1.2736,0.02%,限制大额申购,开放赎回,nan
2020-08-28,1.2414,1.2734,-0.01%,限制大额申购,开放赎回,nan
2020-08-27,1.2415,1.2735,-0.01%,限制大额申购,开放赎回,nan
2020-08-26,1.2416,1.2736,-0.01%,限制大额申购,开放赎回,nan
2020-08-25,1.2417,1.2737,0.00%,限制大额申购,开放赎回,nan
2020-08-24,1.2417,1.2737,0.02%,限制大额申购,开放赎回,nan
2020-08-21,1.2415,1.2735,-0.01%,限制大额申购,开放赎回,nan
2020-08-20,1.2416,1.2736,0.00%,限制大额申购,开放赎回,nan
2020-08-19,1.2416,1.2736,0.02%,限制大额申购,开放赎回,nan
2020-08-18,1.2414,1.2734,0.01%,限制大额申购,开放赎回,nan
2020-08-17,1.2413,1.2733,0.03%,限制大额申购,开放赎回,nan
2020-08-14,1.2409,1.2729,0.02%,限制大额申购,开放赎回,nan
2020-08-13,1.2407,1.2727,0.02%,限制大额申购,开放赎回,nan
2020-08-12,1.2405,1.2725,0.02%,限制大额申购,开放赎回,nan
2020-08-11,1.2403,1.2723,0.01%,限制大额申购,开放赎回,nan
2020-08-10,1.2402,1.2722,0.03%,限制大额申购,开放赎回,nan
2020-08-07,1.2398,1.2718,0.01%,限制大额申购,开放赎回,nan
2020-08-06,1.2397,1.2717,0.02%,限制大额申购,开放赎回,nan
2020-08-05,1.2395,1.2715,0.02%,限制大额申购,开放赎回,nan
2020-08-04,1.2393,1.2713,0.01%,限制大额申购,开放赎回,nan
2020-08-03,1.2392,1.2712,0.02%,限制大额申购,开放赎回,nan
2020-07-31,1.2389,1.2709,0.01%,限制大额申购,开放赎回,nan
2020-07-30,1.2388,1.2708,0.00%,限制大额申购,开放赎回,nan
2020-07-29,1.2388,1.2708,0.00%,限制大额申购,开放赎回,nan
2020-07-28,1.2388,1.2708,0.02%,限制大额申购,开放赎回,nan
2020-07-27,1.2386,1.2706,0.03%,限制大额申购,开放赎回,nan
2020-07-24,1.2382,1.2702,0.03%,限制大额申购,开放赎回,nan
2020-07-23,1.2378,1.2698,0.02%,限制大额申购,开放赎回,nan
2020-07-22,1.2375,1.2695,0.02%,限制大额申购,开放赎回,nan
2020-07-21,1.2372,1.2692,0.05%,限制大额申购,开放赎回,nan
2020-07-20,1.2366,1.2686,0.03%,限制大额申购,开放赎回,nan
2020-07-17,1.2362,1.2682,0.02%,限制大额申购,开放赎回,nan
2020-07-16,1.2360,1.2680,0.02%,限制大额申购,开放赎回,nan
2020-07-15,1.2357,1.2677,0.02%,限制大额申购,开放赎回,nan
2020-07-14,1.2355,1.2675,0.00%,限制大额申购,开放赎回,nan
2020-07-13,1.2355,1.2675,-0.02%,限制大额申购,开放赎回,nan
2020-07-10,1.2358,1.2678,-0.02%,限制大额申购,开放赎回,nan
2020-07-09,1.2361,1.2681,-0.07%,限制大额申购,开放赎回,nan
2020-07-08,1.2370,1.2690,-0.02%,限制大额申购,开放赎回,nan
2020-07-07,1.2372,1.2692,-0.06%,限制大额申购,开放赎回,nan
2020-07-06,1.2380,1.2700,-0.02%,限制大额申购,开放赎回,nan
2020-07-03,1.2383,1.2703,0.02%,限制大额申购,开放赎回,nan
2020-07-02,1.2381,1.2701,0.02%,限制大额申购,开放赎回,nan
2020-07-01,1.2379,1.2699,0.02%,限制大额申购,开放赎回,nan
2020-06-30,1.2377,1.2697,0.01%,限制大额申购,开放赎回,nan
2020-06-29,1.2376,1.2696,0.05%,限制大额申购,开放赎回,nan
2020-06-24,1.2370,1.2690,0.01%,限制大额申购,开放赎回,nan
2020-06-23,1.2369,1.2689,-0.03%,限制大额申购,开放赎回,nan
2020-06-22,1.2373,1.2693,-0.01%,限制大额申购,开放赎回,nan
2020-06-19,1.2374,1.2694,0.01%,限制大额申购,开放赎回,nan
2020-06-18,1.2373,1.2693,0.01%,限制大额申购,开放赎回,nan
2020-06-17,1.2372,1.2692,-0.01%,限制大额申购,开放赎回,nan
2020-06-16,1.2373,1.2693,-0.03%,限制大额申购,开放赎回,nan
2020-06-15,1.2377,1.2697,0.02%,限制大额申购,开放赎回,nan
2020-06-12,1.2374,1.2694,0.03%,限制大额申购,开放赎回,nan
2020-06-11,1.2370,1.2690,0.02%,限制大额申购,开放赎回,nan
2020-06-10,1.2367,1.2687,0.01%,限制大额申购,开放赎回,nan
2020-06-09,1.2366,1.2686,0.02%,限制大额申购,开放赎回,nan
2020-06-08,1.2363,1.2683,-0.02%,限制大额申购,开放赎回,nan
2020-06-05,1.2366,1.2686,-0.10%,限制大额申购,开放赎回,nan
2020-06-04,1.2378,1.2698,-0.04%,限制大额申购,开放赎回,nan
2020-06-03,1.2383,1.2703,-0.11%,限制大额申购,开放赎回,nan
2020-06-02,1.2397,1.2717,-0.07%,限制大额申购,开放赎回,nan
2020-06-01,1.2406,1.2726,0.01%,限制大额申购,开放赎回,nan
2020-05-29,1.2405,1.2725,0.00%,限制大额申购,开放赎回,nan
2020-05-28,1.2405,1.2725,-0.01%,限制大额申购,开放赎回,nan
2020-05-27,1.2406,1.2726,-0.02%,限制大额申购,开放赎回,nan
2020-05-26,1.2409,1.2729,-0.04%,限制大额申购,开放赎回,nan
2020-05-25,1.2414,1.2734,0.00%,限制大额申购,开放赎回,nan
2020-05-22,1.2414,1.2734,0.02%,限制大额申购,开放赎回,nan
2020-05-21,1.2411,1.2731,0.02%,限制大额申购,开放赎回,nan
2020-05-20,1.2409,1.2729,0.00%,限制大额申购,开放赎回,nan
2020-05-19,1.2409,1.2729,-0.01%,限制大额申购,开放赎回,nan
2020-05-18,1.2410,1.2730,0.01%,限制大额申购,开放赎回,nan
2020-05-15,1.2409,1.2729,0.02%,限制大额申购,开放赎回,nan
2020-05-14,1.2407,1.2727,0.00%,限制大额申购,开放赎回,nan
2020-05-13,1.2407,1.2727,0.00%,限制大额申购,开放赎回,nan
2020-05-12,1.2407,1.2727,-0.01%,限制大额申购,开放赎回,nan
2020-05-11,1.2408,1.2728,-0.02%,限制大额申购,开放赎回,nan
2020-05-08,1.2410,1.2730,-0.02%,限制大额申购,开放赎回,nan
2020-05-07,1.2412,1.2732,-0.02%,限制大额申购,开放赎回,nan
2020-05-06,1.2414,1.2734,0.03%,限制大额申购,开放赎回,nan
2020-04-30,1.2410,1.2730,0.02%,限制大额申购,开放赎回,nan
2020-04-29,1.2408,1.2728,0.01%,限制大额申购,开放赎回,nan
2020-04-28,1.2407,1.2727,0.02%,限制大额申购,开放赎回,nan
2020-04-27,1.2405,1.2725,0.03%,限制大额申购,开放赎回,nan
2020-04-24,1.2401,1.2721,0.02%,限制大额申购,开放赎回,nan
2020-04-23,1.2399,1.2719,0.02%,限制大额申购,开放赎回,nan
2020-04-22,1.2396,1.2716,0.02%,限制大额申购,开放赎回,nan
2020-04-21,1.2394,1.2714,0.02%,限制大额申购,开放赎回,nan
2020-04-20,1.2392,1.2712,0.02%,限制大额申购,开放赎回,nan
2020-04-17,1.2390,1.2710,0.02%,限制大额申购,开放赎回,nan
2020-04-16,1.2388,1.2708,0.02%,限制大额申购,开放赎回,nan
2020-04-15,1.2385,1.2705,0.02%,限制大额申购,开放赎回,nan
2020-04-14,1.2382,1.2702,0.02%,限制大额申购,开放赎回,nan
2020-04-13,1.2380,1.2700,0.02%,限制大额申购,开放赎回,nan
2020-04-10,1.2378,1.2698,0.02%,限制大额申购,开放赎回,nan
2020-04-09,1.2375,1.2695,0.04%,限制大额申购,开放赎回,nan
2020-04-08,1.2370,1.2690,0.06%,限制大额申购,开放赎回,nan
2020-04-07,1.2362,1.2682,0.16%,限制大额申购,开放赎回,nan
2020-04-03,1.2342,1.2662,0.01%,限制大额申购,开放赎回,nan
2020-04-02,1.2341,1.2661,0.02%,限制大额申购,开放赎回,nan
2020-04-01,1.2338,1.2658,0.02%,限制大额申购,开放赎回,nan
2020-03-31,1.2335,1.2655,0.02%,限制大额申购,开放赎回,nan
2020-03-30,1.2333,1.2653,0.02%,限制大额申购,开放赎回,nan
2020-03-27,1.2331,1.2651,0.02%,限制大额申购,开放赎回,nan
2020-03-26,1.2329,1.2649,0.01%,限制大额申购,开放赎回,nan
2020-03-25,1.2328,1.2648,0.01%,限制大额申购,开放赎回,nan
2020-03-24,1.2327,1.2647,0.02%,限制大额申购,开放赎回,nan
2020-03-23,1.2324,1.2644,0.06%,限制大额申购,开放赎回,nan
2020-03-20,1.2317,1.2637,0.01%,限制大额申购,开放赎回,nan
2020-03-19,1.2316,1.2636,0.01%,限制大额申购,开放赎回,nan
2020-03-18,1.2315,1.2635,0.01%,限制大额申购,开放赎回,nan
2020-03-17,1.2314,1.2634,-0.01%,限制大额申购,开放赎回,nan
2020-03-16,1.2315,1.2635,-0.02%,限制大额申购,开放赎回,nan
2020-03-13,1.2317,1.2637,-0.02%,限制大额申购,开放赎回,nan
2020-03-12,1.2320,1.2640,-0.01%,限制大额申购,开放赎回,nan
2020-03-11,1.2321,1.2641,0.00%,限制大额申购,开放赎回,nan
2020-03-10,1.2321,1.2641,-0.01%,限制大额申购,开放赎回,nan
2020-03-09,1.2322,1.2642,0.08%,限制大额申购,开放赎回,nan
2020-03-06,1.2312,1.2632,0.03%,限制大额申购,开放赎回,nan
2020-03-05,1.2308,1.2628,0.02%,限制大额申购,开放赎回,nan
2020-03-04,1.2306,1.2626,0.04%,限制大额申购,开放赎回,nan
2020-03-03,1.2301,1.2621,0.02%,限制大额申购,开放赎回,nan
2020-03-02,1.2299,1.2619,0.03%,限制大额申购,开放赎回,nan
2020-02-28,1.2295,1.2615,0.02%,限制大额申购,开放赎回,nan
2020-02-27,1.2293,1.2613,0.01%,限制大额申购,开放赎回,nan
2020-02-26,1.2292,1.2612,0.02%,限制大额申购,开放赎回,nan
2020-02-25,1.2290,1.2610,0.02%,限制大额申购,开放赎回,nan
2020-02-24,1.2287,1.2607,0.02%,限制大额申购,开放赎回,nan
2020-02-21,1.2284,1.2604,0.02%,限制大额申购,开放赎回,nan
2020-02-20,1.2282,1.2602,0.02%,限制大额申购,开放赎回,nan
2020-02-19,1.2280,1.2600,0.01%,限制大额申购,开放赎回,nan
2020-02-18,1.2279,1.2599,0.02%,限制大额申购,开放赎回,nan
2020-02-17,1.2276,1.2596,0.04%,限制大额申购,开放赎回,nan
2020-02-14,1.2271,1.2591,0.02%,限制大额申购,开放赎回,nan
2020-02-13,1.2269,1.2589,0.02%,限制大额申购,开放赎回,nan
2020-02-12,1.2267,1.2587,0.03%,限制大额申购,开放赎回,nan
2020-02-11,1.2263,1.2583,0.02%,限制大额申购,开放赎回,nan
2020-02-10,1.2261,1.2581,0.03%,限制大额申购,开放赎回,nan
2020-02-07,1.2257,1.2577,0.03%,限制大额申购,开放赎回,nan
2020-02-06,1.2253,1.2573,0.01%,限制大额申购,开放赎回,nan
2020-02-05,1.2252,1.2572,0.01%,限制大额申购,开放赎回,nan
2020-02-04,1.2251,1.2571,0.01%,限制大额申购,开放赎回,nan
2020-02-03,1.2250,1.2570,0.18%,限制大额申购,开放赎回,nan
2020-01-23,1.2228,1.2548,0.01%,限制大额申购,开放赎回,nan
2020-01-22,1.2227,1.2547,0.01%,限制大额申购,开放赎回,nan
2020-01-21,1.2226,1.2546,0.02%,限制大额申购,开放赎回,nan
2020-01-20,1.2224,1.2544,0.03%,限制大额申购,开放赎回,nan
2020-01-17,1.2220,1.2540,0.01%,限制大额申购,开放赎回,nan
2020-01-16,1.2219,1.2539,0.02%,限制大额申购,开放赎回,nan
2020-01-15,1.2217,1.2537,-0.01%,限制大额申购,开放赎回,nan
2020-01-14,1.2218,1.2538,0.01%,限制大额申购,开放赎回,nan
2020-01-13,1.2217,1.2537,0.02%,限制大额申购,开放赎回,nan
2020-01-10,1.2214,1.2534,0.02%,限制大额申购,开放赎回,nan
2020-01-09,1.2212,1.2532,0.02%,限制大额申购,开放赎回,nan
2020-01-08,1.2210,1.2530,0.02%,限制大额申购,开放赎回,nan
2020-01-07,1.2208,1.2528,0.02%,限制大额申购,开放赎回,nan
2020-01-06,1.2206,1.2526,0.03%,限制大额申购,开放赎回,nan
2020-01-03,1.2202,1.2522,0.02%,限制大额申购,开放赎回,nan
2020-01-02,1.2199,1.2519,0.03%,限制大额申购,开放赎回,nan
2019-12-31,1.2195,1.2515,0.02%,限制大额申购,开放赎回,nan
2019-12-30,1.2193,1.2513,0.03%,限制大额申购,开放赎回,nan
2019-12-27,1.2189,1.2509,0.02%,限制大额申购,开放赎回,nan
2019-12-26,1.2187,1.2507,0.02%,限制大额申购,开放赎回,nan
2019-12-25,1.2185,1.2505,0.02%,限制大额申购,开放赎回,nan
2019-12-24,1.2182,1.2502,0.02%,限制大额申购,开放赎回,nan
2019-12-23,1.2180,1.2500,0.03%,限制大额申购,开放赎回,nan
2019-12-20,1.2176,1.2496,0.01%,限制大额申购,开放赎回,nan
2019-12-19,1.2175,1.2495,0.02%,限制大额申购,开放赎回,nan
2019-12-18,1.2173,1.2493,0.01%,限制大额申购,开放赎回,nan
2019-12-17,1.2172,1.2492,0.01%,限制大额申购,开放赎回,nan
2019-12-16,1.2171,1.2491,0.02%,限制大额申购,开放赎回,nan
2019-12-13,1.2169,1.2489,0.01%,限制大额申购,开放赎回,nan
2019-12-12,1.2168,1.2488,0.01%,限制大额申购,开放赎回,nan
2019-12-11,1.2167,1.2487,0.02%,限制大额申购,开放赎回,nan
2019-12-10,1.2165,1.2485,0.01%,限制大额申购,开放赎回,nan
2019-12-09,1.2164,1.2484,0.02%,限制大额申购,开放赎回,nan
2019-12-06,1.2161,1.2481,0.01%,限制大额申购,开放赎回,nan
2019-12-05,1.2160,1.2480,0.01%,限制大额申购,开放赎回,nan
2019-12-04,1.2159,1.2479,0.02%,限制大额申购,开放赎回,nan
2019-12-03,1.2157,1.2477,0.01%,限制大额申购,开放赎回,nan
2019-12-02,1.2156,1.2476,0.02%,限制大额申购,开放赎回,nan
2019-11-29,1.2153,1.2473,0.01%,限制大额申购,开放赎回,nan
2019-11-28,1.2152,1.2472,0.01%,限制大额申购,开放赎回,nan
2019-11-27,1.2151,1.2471,0.02%,限制大额申购,开放赎回,nan
2019-11-26,1.2149,1.2469,0.01%,限制大额申购,开放赎回,nan
2019-11-25,1.2148,1.2468,0.02%,限制大额申购,开放赎回,nan
2019-11-22,1.2145,1.2465,0.02%,限制大额申购,开放赎回,nan
2019-11-21,1.2143,1.2463,0.02%,限制大额申购,开放赎回,nan
2019-11-20,1.2140,1.2460,0.02%,限制大额申购,开放赎回,nan
2019-11-19,1.2137,1.2457,0.02%,限制大额申购,开放赎回,nan
2019-11-18,1.2135,1.2455,0.03%,限制大额申购,开放赎回,nan
2019-11-15,1.2131,1.2451,0.00%,限制大额申购,开放赎回,nan
2019-11-14,1.2131,1.2451,0.02%,限制大额申购,开放赎回,nan
2019-11-13,1.2129,1.2449,0.01%,限制大额申购,开放赎回,nan
2019-11-12,1.2128,1.2448,0.01%,限制大额申购,开放赎回,nan
2019-11-11,1.2127,1.2447,0.02%,限制大额申购,开放赎回,nan
2019-11-08,1.2124,1.2444,0.02%,限制大额申购,开放赎回,nan
2019-11-07,1.2122,1.2442,0.02%,限制大额申购,开放赎回,nan
2019-11-06,1.2120,1.2440,0.01%,限制大额申购,开放赎回,nan
2019-11-05,1.2119,1.2439,0.02%,限制大额申购,开放赎回,nan
2019-11-04,1.2117,1.2437,0.02%,限制大额申购,开放赎回,nan
2019-11-01,1.2115,1.2435,0.01%,限制大额申购,开放赎回,nan
2019-10-31,1.2114,1.2434,-0.02%,限制大额申购,开放赎回,nan
2019-10-30,1.2116,1.2436,-0.01%,限制大额申购,开放赎回,nan
2019-10-29,1.2117,1.2437,-0.01%,限制大额申购,开放赎回,nan
2019-10-28,1.2118,1.2438,0.02%,限制大额申购,开放赎回,nan
2019-10-25,1.2116,1.2436,0.01%,限制大额申购,开放赎回,nan
2019-10-24,1.2115,1.2435,0.01%,限制大额申购,开放赎回,nan
2019-10-23,1.2114,1.2434,0.00%,限制大额申购,开放赎回,nan
2019-10-22,1.2114,1.2434,0.00%,限制大额申购,开放赎回,nan
2019-10-21,1.2114,1.2434,0.02%,限制大额申购,开放赎回,nan
2019-10-18,1.2112,1.2432,0.01%,限制大额申购,开放赎回,nan
2019-10-17,1.2111,1.2431,0.01%,限制大额申购,开放赎回,nan
2019-10-16,1.2110,1.2430,0.01%,限制大额申购,开放赎回,nan
2019-10-15,1.2109,1.2429,0.01%,限制大额申购,开放赎回,nan
2019-10-14,1.2108,1.2428,0.02%,限制大额申购,开放赎回,nan
2019-10-11,1.2106,1.2426,0.01%,限制大额申购,开放赎回,nan
2019-10-10,1.2105,1.2425,0.02%,限制大额申购,开放赎回,nan
2019-10-09,1.2103,1.2423,0.01%,限制大额申购,开放赎回,nan
2019-10-08,1.2102,1.2422,0.07%,限制大额申购,开放赎回,nan
2019-09-30,1.2093,1.2413,0.02%,限制大额申购,开放赎回,nan
2019-09-27,1.2091,1.2411,0.01%,限制大额申购,开放赎回,nan
2019-09-26,1.2090,1.2410,0.00%,限制大额申购,开放赎回,nan
2019-09-25,1.2090,1.2410,0.01%,限制大额申购,开放赎回,nan
2019-09-24,1.2089,1.2409,0.01%,限制大额申购,开放赎回,nan
2019-09-23,1.2088,1.2408,0.02%,限制大额申购,开放赎回,nan
2019-09-20,1.2086,1.2406,0.00%,限制大额申购,开放赎回,nan
2019-09-19,1.2086,1.2406,0.01%,限制大额申购,开放赎回,nan
2019-09-18,1.2085,1.2405,0.00%,限制大额申购,开放赎回,nan
2019-09-17,1.2085,1.2405,0.00%,限制大额申购,开放赎回,nan
2019-09-16,1.2085,1.2405,0.03%,限制大额申购,开放赎回,nan
2019-09-12,1.2081,1.2401,0.01%,限制大额申购,开放赎回,nan
2019-09-11,1.2080,1.2400,0.02%,限制大额申购,开放赎回,nan
2019-09-10,1.2078,1.2398,0.02%,限制大额申购,开放赎回,nan
2019-09-09,1.2076,1.2396,0.03%,限制大额申购,开放赎回,nan
2019-09-06,1.2072,1.2392,0.00%,限制大额申购,开放赎回,nan
2019-09-05,1.2072,1.2392,0.02%,限制大额申购,开放赎回,nan
2019-09-04,1.2069,1.2389,0.01%,限制大额申购,开放赎回,nan
2019-09-03,1.2068,1.2388,0.00%,限制大额申购,开放赎回,nan
2019-09-02,1.2068,1.2388,0.02%,限制大额申购,开放赎回,nan
2019-08-30,1.2066,1.2386,0.00%,限制大额申购,开放赎回,nan
2019-08-29,1.2066,1.2386,0.01%,限制大额申购,开放赎回,nan
2019-08-28,1.2065,1.2385,0.01%,限制大额申购,开放赎回,nan
2019-08-27,1.2064,1.2384,0.00%,限制大额申购,开放赎回,nan
2019-08-26,1.2064,1.2384,0.02%,限制大额申购,开放赎回,nan
2019-08-23,1.2061,1.2381,-0.01%,限制大额申购,开放赎回,nan
2019-08-22,1.2062,1.2382,0.01%,限制大额申购,开放赎回,nan
2019-08-21,1.2061,1.2381,0.01%,限制大额申购,开放赎回,nan
2019-08-20,1.2060,1.2380,0.01%,限制大额申购,开放赎回,nan
2019-08-19,1.2059,1.2379,0.02%,限制大额申购,开放赎回,nan
2019-08-16,1.2056,1.2376,0.00%,限制大额申购,开放赎回,nan
2019-08-15,1.2056,1.2376,0.01%,限制大额申购,开放赎回,nan
2019-08-14,1.2055,1.2375,0.01%,限制大额申购,开放赎回,nan
2019-08-13,1.2054,1.2374,0.02%,限制大额申购,开放赎回,nan
2019-08-12,1.2051,1.2371,0.02%,限制大额申购,开放赎回,nan
2019-08-09,1.2049,1.2369,0.02%,限制大额申购,开放赎回,nan
2019-08-08,1.2046,1.2366,0.01%,限制大额申购,开放赎回,nan
2019-08-07,1.2045,1.2365,0.02%,限制大额申购,开放赎回,nan
2019-08-06,1.2043,1.2363,0.02%,限制大额申购,开放赎回,nan
2019-08-05,1.2041,1.2361,0.04%,限制大额申购,开放赎回,nan
2019-08-02,1.2036,1.2356,0.02%,限制大额申购,开放赎回,nan
2019-08-01,1.2033,1.2353,0.02%,限制大额申购,开放赎回,nan
2019-07-31,1.2031,1.2351,0.02%,限制大额申购,开放赎回,nan
2019-07-30,1.2029,1.2349,0.02%,限制大额申购,开放赎回,nan
2019-07-29,1.2027,1.2347,0.02%,限制大额申购,开放赎回,nan
2019-07-26,1.2025,1.2345,0.01%,限制大额申购,开放赎回,nan
2019-07-25,1.2024,1.2344,0.01%,限制大额申购,开放赎回,nan
2019-07-24,1.2023,1.2343,0.01%,限制大额申购,开放赎回,nan
2019-07-23,1.2022,1.2342,0.02%,限制大额申购,开放赎回,nan
2019-07-22,1.2020,1.2340,0.03%,限制大额申购,开放赎回,nan
2019-07-19,1.2017,1.2337,0.01%,限制大额申购,开放赎回,nan
2019-07-18,1.2016,1.2336,0.01%,限制大额申购,开放赎回,nan
2019-07-17,1.2015,1.2335,0.01%,限制大额申购,开放赎回,nan
2019-07-16,1.2014,1.2334,0.00%,限制大额申购,开放赎回,nan
2019-07-15,1.2014,1.2334,0.02%,限制大额申购,开放赎回,nan
2019-07-12,1.2012,1.2332,-0.01%,限制大额申购,开放赎回,nan
2019-07-11,1.2013,1.2333,0.01%,限制大额申购,开放赎回,nan
2019-07-10,1.2012,1.2332,0.00%,限制大额申购,开放赎回,nan
2019-07-09,1.2012,1.2332,0.01%,限制大额申购,开放赎回,nan
2019-07-08,1.2011,1.2331,0.01%,限制大额申购,开放赎回,nan
2019-07-05,1.2010,1.2330,0.00%,限制大额申购,开放赎回,nan
2019-07-04,1.2010,1.2330,0.03%,限制大额申购,开放赎回,nan
2019-07-03,1.2007,1.2327,0.03%,限制大额申购,开放赎回,nan
2019-07-02,1.2004,1.2324,0.03%,限制大额申购,开放赎回,nan
2019-07-01,1.2001,1.2321,0.03%,限制大额申购,开放赎回,nan
2019-06-30,1.1998,1.2318,nan,限制大额申购,开放赎回,nan
2019-06-28,1.1997,1.2317,0.02%,限制大额申购,开放赎回,nan
2019-06-27,1.1995,1.2315,0.02%,限制大额申购,开放赎回,nan
2019-06-26,1.1993,1.2313,0.02%,限制大额申购,开放赎回,nan
2019-06-25,1.1991,1.2311,0.02%,限制大额申购,开放赎回,nan
2019-06-24,1.1989,1.2309,0.03%,限制大额申购,开放赎回,nan
2019-06-21,1.1985,1.2305,0.02%,限制大额申购,开放赎回,nan
2019-06-20,1.1983,1.2303,0.03%,限制大额申购,开放赎回,nan
2019-06-19,1.1980,1.2300,0.03%,限制大额申购,开放赎回,nan
2019-06-18,1.1977,1.2297,0.03%,限制大额申购,开放赎回,nan
2019-06-17,1.1974,1.2294,0.03%,限制大额申购,开放赎回,nan
2019-06-14,1.1971,1.2291,0.00%,限制大额申购,开放赎回,nan
2019-06-13,1.1971,1.2291,0.00%,限制大额申购,开放赎回,nan
2019-06-12,1.1971,1.2291,0.00%,限制大额申购,开放赎回,nan
2019-06-11,1.1971,1.2291,0.00%,限制大额申购,开放赎回,nan
2019-06-10,1.1971,1.2291,0.02%,限制大额申购,开放赎回,nan
2019-06-06,1.1969,1.2289,0.01%,限制大额申购,开放赎回,nan
2019-06-05,1.1968,1.2288,0.00%,限制大额申购,开放赎回,nan
2019-06-04,1.1968,1.2288,0.01%,限制大额申购,开放赎回,nan
2019-06-03,1.1967,1.2287,0.03%,限制大额申购,开放赎回,nan
2019-05-31,1.1964,1.2284,0.01%,限制大额申购,开放赎回,nan
2019-05-30,1.1963,1.2283,0.02%,限制大额申购,开放赎回,nan
2019-05-29,1.1961,1.2281,0.03%,限制大额申购,开放赎回,nan
2019-05-28,1.1958,1.2278,-0.03%,限制大额申购,开放赎回,nan
2019-05-27,1.1961,1.2281,0.00%,限制大额申购,开放赎回,nan
2019-05-24,1.1961,1.2281,0.01%,限制大额申购,开放赎回,nan
2019-05-23,1.1960,1.2280,0.01%,限制大额申购,开放赎回,nan
2019-05-22,1.1959,1.2279,0.00%,限制大额申购,开放赎回,nan
2019-05-21,1.1959,1.2279,0.01%,限制大额申购,开放赎回,nan
2019-05-20,1.1958,1.2278,0.02%,限制大额申购,开放赎回,nan
2019-05-17,1.1956,1.2276,0.02%,限制大额申购,开放赎回,nan
2019-05-16,1.1954,1.2274,0.01%,限制大额申购,开放赎回,nan
2019-05-15,1.1953,1.2273,0.01%,限制大额申购,开放赎回,nan
2019-05-14,1.1952,1.2272,0.02%,限制大额申购,开放赎回,nan
2019-05-13,1.1950,1.2270,0.03%,限制大额申购,开放赎回,nan
2019-05-10,1.1946,1.2266,0.01%,限制大额申购,开放赎回,nan
2019-05-09,1.1945,1.2265,0.03%,限制大额申购,开放赎回,nan
2019-05-08,1.1941,1.2261,0.03%,限制大额申购,开放赎回,nan
2019-05-07,1.1938,1.2258,0.02%,限制大额申购,开放赎回,nan
2019-05-06,1.1936,1.2256,0.08%,限制大额申购,开放赎回,nan
2019-04-30,1.1926,1.2246,0.02%,限制大额申购,开放赎回,nan
2019-04-29,1.1924,1.2244,0.00%,限制大额申购,开放赎回,nan
2019-04-26,1.1924,1.2244,0.00%,限制大额申购,开放赎回,nan
2019-04-25,1.1924,1.2244,-0.01%,限制大额申购,开放赎回,nan
2019-04-24,1.1925,1.2245,-0.01%,限制大额申购,开放赎回,nan
2019-04-23,1.1926,1.2246,-0.01%,限制大额申购,开放赎回,nan
2019-04-22,1.1927,1.2247,0.02%,限制大额申购,开放赎回,nan
2019-04-19,1.1925,1.2245,0.01%,限制大额申购,开放赎回,nan
2019-04-18,1.1924,1.2244,0.02%,限制大额申购,开放赎回,nan
2019-04-17,1.1922,1.2242,0.00%,限制大额申购,开放赎回,nan
2019-04-16,1.1922,1.2242,-0.01%,限制大额申购,开放赎回,nan
2019-04-15,1.1923,1.2243,-0.03%,限制大额申购,开放赎回,nan
2019-04-12,1.1926,1.2246,0.01%,限制大额申购,开放赎回,nan
2019-04-11,1.1925,1.2245,0.00%,限制大额申购,开放赎回,nan
2019-04-10,1.1925,1.2245,-0.01%,限制大额申购,开放赎回,nan
2019-04-09,1.1926,1.2246,0.00%,限制大额申购,开放赎回,nan
2019-04-08,1.1926,1.2246,0.02%,限制大额申购,开放赎回,nan
2019-04-04,1.1924,1.2244,-0.01%,限制大额申购,开放赎回,nan
2019-04-03,1.1925,1.2245,0.00%,限制大额申购,开放赎回,nan
2019-04-02,1.1925,1.2245,-0.01%,限制大额申购,开放赎回,nan
2019-04-01,1.1926,1.2246,0.01%,限制大额申购,开放赎回,nan
2019-03-29,1.1925,1.2245,0.03%,限制大额申购,开放赎回,nan
2019-03-28,1.1922,1.2242,0.02%,限制大额申购,开放赎回,nan
2019-03-27,1.1920,1.2240,0.02%,限制大额申购,开放赎回,nan
2019-03-26,1.1918,1.2238,0.01%,限制大额申购,开放赎回,nan
2019-03-25,1.1917,1.2237,0.03%,限制大额申购,开放赎回,nan
2019-03-22,1.1913,1.2233,0.03%,限制大额申购,开放赎回,nan
2019-03-21,1.1910,1.2230,0.01%,限制大额申购,开放赎回,nan
2019-03-20,1.1909,1.2229,0.02%,限制大额申购,开放赎回,nan
2019-03-19,1.1907,1.2227,0.01%,限制大额申购,开放赎回,nan
2019-03-18,1.1906,1.2226,0.02%,限制大额申购,开放赎回,nan
2019-03-15,1.1904,1.2224,-0.01%,限制大额申购,开放赎回,nan
2019-03-14,1.1905,1.2225,0.00%,限制大额申购,开放赎回,nan
2019-03-13,1.1905,1.2225,0.00%,限制大额申购,开放赎回,nan
2019-03-12,1.1905,1.2225,0.00%,限制大额申购,开放赎回,nan
2019-03-11,1.1905,1.2225,0.02%,限制大额申购,开放赎回,nan
2019-03-08,1.1903,1.2223,0.01%,限制大额申购,开放赎回,nan
2019-03-07,1.1902,1.2222,0.01%,限制大额申购,开放赎回,nan
2019-03-06,1.1901,1.2221,0.00%,限制大额申购,开放赎回,nan
2019-03-05,1.1901,1.2221,-0.02%,限制大额申购,开放赎回,nan
2019-03-04,1.1903,1.2223,0.01%,限制大额申购,开放赎回,nan
2019-03-01,1.1902,1.2222,0.01%,限制大额申购,开放赎回,nan
2019-02-28,1.1901,1.2221,0.02%,限制大额申购,开放赎回,nan
2019-02-27,1.1899,1.2219,0.01%,限制大额申购,开放赎回,nan
2019-02-26,1.1898,1.2218,-0.03%,限制大额申购,开放赎回,nan
2019-02-25,1.1902,1.2222,0.02%,限制大额申购,开放赎回,nan
2019-02-22,1.1900,1.2220,0.00%,限制大额申购,开放赎回,nan
2019-02-21,1.1900,1.2220,0.02%,限制大额申购,开放赎回,nan
2019-02-20,1.1898,1.2218,0.02%,限制大额申购,开放赎回,nan
2019-02-19,1.1896,1.2216,0.00%,限制大额申购,开放赎回,nan
2019-02-18,1.1896,1.2216,0.03%,限制大额申购,开放赎回,nan
2019-02-15,1.1893,1.2213,0.01%,限制大额申购,开放赎回,nan
2019-02-14,1.1892,1.2212,0.02%,限制大额申购,开放赎回,nan
2019-02-13,1.1890,1.2210,0.03%,限制大额申购,开放赎回,nan
2019-02-12,1.1887,1.2207,0.03%,限制大额申购,开放赎回,nan
2019-02-11,1.1884,1.2204,0.08%,限制大额申购,开放赎回,nan
2019-02-01,1.1874,1.2194,0.03%,限制大额申购,开放赎回,nan
2019-01-31,1.1871,1.2191,0.03%,限制大额申购,开放赎回,nan
2019-01-30,1.1868,1.2188,0.03%,限制大额申购,开放赎回,nan
2019-01-29,1.1865,1.2185,0.01%,限制大额申购,开放赎回,nan
2019-01-28,1.1864,1.2184,0.03%,限制大额申购,开放赎回,nan
2019-01-25,1.1860,1.2180,0.00%,限制大额申购,开放赎回,nan
2019-01-24,1.1860,1.2180,-0.01%,限制大额申购,开放赎回,nan
2019-01-23,1.1861,1.2181,0.01%,限制大额申购,开放赎回,nan
2019-01-22,1.1860,1.2180,0.00%,限制大额申购,开放赎回,nan
2019-01-21,1.1860,1.2180,0.01%,限制大额申购,开放赎回,nan
2019-01-18,1.1859,1.2179,0.03%,限制大额申购,开放赎回,nan
2019-01-17,1.1856,1.2176,0.03%,限制大额申购,开放赎回,nan
2019-01-16,1.1853,1.2173,0.02%,限制大额申购,开放赎回,nan
2019-01-15,1.1851,1.2171,-0.01%,限制大额申购,开放赎回,nan
2019-01-14,1.1852,1.2172,0.03%,限制大额申购,开放赎回,nan
2019-01-11,1.1849,1.2169,0.01%,限制大额申购,开放赎回,nan
2019-01-10,1.1848,1.2168,0.03%,限制大额申购,开放赎回,nan
2019-01-09,1.1845,1.2165,0.04%,限制大额申购,开放赎回,nan
2019-01-08,1.1840,1.2160,0.07%,限制大额申购,开放赎回,nan
2019-01-07,1.1832,1.2152,0.08%,限制大额申购,开放赎回,nan
2019-01-04,1.1822,1.2142,0.06%,限制大额申购,开放赎回,nan
2019-01-03,1.1815,1.2135,0.10%,限制大额申购,开放赎回,nan
2019-01-02,1.1803,1.2123,0.10%,限制大额申购,开放赎回,nan
2018-12-31,1.1795,1.2115,nan,限制大额申购,开放赎回,nan
2018-12-28,1.1791,1.2111,0.11%,限制大额申购,开放赎回,nan
2018-12-27,1.1778,1.2098,0.03%,限制大额申购,开放赎回,nan
2018-12-26,1.1775,1.2095,-0.02%,限制大额申购,开放赎回,nan
2018-12-25,1.1777,1.2097,0.00%,限制大额申购,开放赎回,nan
2018-12-24,1.1777,1.2097,0.03%,限制大额申购,开放赎回,nan
2018-12-21,1.1774,1.2094,0.01%,限制大额申购,开放赎回,nan
2018-12-20,1.1773,1.2093,0.03%,限制大额申购,开放赎回,nan
2018-12-19,1.1770,1.2090,-0.02%,限制大额申购,开放赎回,nan
2018-12-18,1.1772,1.2092,-0.03%,限制大额申购,开放赎回,nan
2018-12-17,1.1776,1.2096,0.02%,限制大额申购,开放赎回,nan
2018-12-14,1.1774,1.2094,-0.02%,限制大额申购,开放赎回,nan
2018-12-13,1.1776,1.2096,-0.03%,限制大额申购,开放赎回,nan
2018-12-12,1.1779,1.2099,0.01%,限制大额申购,开放赎回,nan
2018-12-11,1.1778,1.2098,0.00%,限制大额申购,开放赎回,nan
2018-12-10,1.1778,1.2098,0.04%,限制大额申购,开放赎回,nan
2018-12-07,1.1773,1.2093,0.01%,限制大额申购,开放赎回,nan
2018-12-06,1.1772,1.2092,0.01%,限制大额申购,开放赎回,nan
2018-12-05,1.1771,1.2091,0.03%,限制大额申购,开放赎回,nan
2018-12-04,1.1768,1.2088,0.01%,限制大额申购,开放赎回,nan
2018-12-03,1.1767,1.2087,0.03%,限制大额申购,开放赎回,nan
2018-11-30,1.1763,1.2083,0.01%,限制大额申购,开放赎回,nan
2018-11-29,1.1762,1.2082,0.02%,限制大额申购,开放赎回,nan
2018-11-28,1.1760,1.2080,0.00%,限制大额申购,开放赎回,nan
2018-11-27,1.1760,1.2080,0.00%,限制大额申购,开放赎回,nan
2018-11-26,1.1760,1.2080,0.01%,限制大额申购,开放赎回,nan
2018-11-23,1.1759,1.2079,0.01%,限制大额申购,开放赎回,nan
2018-11-22,1.1758,1.2078,0.02%,限制大额申购,开放赎回,nan
2018-11-21,1.1756,1.2076,0.03%,限制大额申购,开放赎回,nan
2018-11-20,1.1753,1.2073,0.00%,限制大额申购,开放赎回,nan
2018-11-19,1.1753,1.2073,0.03%,限制大额申购,开放赎回,nan
2018-11-16,1.1749,1.2069,0.08%,限制大额申购,开放赎回,nan
2018-11-15,1.1740,1.2060,0.00%,限制大额申购,开放赎回,nan
2018-11-14,1.1740,1.2060,0.00%,限制大额申购,开放赎回,nan
2018-11-13,1.1740,1.2060,0.00%,限制大额申购,开放赎回,nan
2018-11-12,1.1740,1.2060,0.09%,限制大额申购,开放赎回,nan
2018-11-09,1.1730,1.2050,0.00%,限制大额申购,开放赎回,nan
2018-11-08,1.1730,1.2050,0.00%,限制大额申购,开放赎回,nan
2018-11-07,1.1730,1.2050,0.00%,限制大额申购,开放赎回,nan
2018-11-06,1.1730,1.2050,0.09%,限制大额申购,开放赎回,nan
2018-11-05,1.1720,1.2040,0.00%,限制大额申购,开放赎回,nan
2018-11-02,1.1720,1.2040,0.00%,限制大额申购,开放赎回,nan
2018-11-01,1.1720,1.2040,0.00%,限制大额申购,开放赎回,nan
2018-10-31,1.1720,1.2040,0.00%,限制大额申购,开放赎回,nan
2018-10-30,1.1720,1.2040,0.00%,限制大额申购,开放赎回,nan
2018-10-29,1.1720,1.2040,0.09%,限制大额申购,开放赎回,nan
2018-10-26,1.1710,1.2030,0.00%,限制大额申购,开放赎回,nan
2018-10-25,1.1710,1.2030,0.00%,限制大额申购,开放赎回,nan
2018-10-24,1.1710,1.2030,0.00%,限制大额申购,开放赎回,nan
2018-10-23,1.1710,1.2030,0.00%,限制大额申购,开放赎回,nan
2018-10-22,1.1710,1.2030,0.00%,限制大额申购,开放赎回,nan
2018-10-19,1.1710,1.2030,0.09%,限制大额申购,开放赎回,nan
2018-10-18,1.1700,1.2020,0.00%,限制大额申购,开放赎回,nan
2018-10-17,1.1700,1.2020,0.00%,限制大额申购,开放赎回,nan
2018-10-16,1.1700,1.2020,0.09%,限制大额申购,开放赎回,nan
2018-10-15,1.1690,1.2010,0.00%,限制大额申购,开放赎回,nan
2018-10-12,1.1690,1.2010,0.09%,限制大额申购,开放赎回,nan
2018-10-11,1.1680,1.2000,0.09%,限制大额申购,开放赎回,nan
2018-10-10,1.1670,1.1990,0.00%,限制大额申购,开放赎回,nan
2018-10-09,1.1670,1.1990,0.00%,限制大额申购,开放赎回,nan
2018-10-08,1.1670,1.1990,0.09%,限制大额申购,开放赎回,nan
2018-09-28,1.1660,1.1980,0.09%,限制大额申购,开放赎回,nan
2018-09-27,1.1650,1.1970,0.00%,限制大额申购,开放赎回,nan
2018-09-26,1.1650,1.1970,0.00%,限制大额申购,开放赎回,nan
2018-09-25,1.1650,1.1970,0.09%,限制大额申购,开放赎回,nan
2018-09-21,1.1640,1.1960,0.00%,限制大额申购,开放赎回,nan
2018-09-20,1.1640,1.1960,0.00%,限制大额申购,开放赎回,nan
2018-09-19,1.1640,1.1960,0.00%,限制大额申购,开放赎回,nan
2018-09-18,1.1640,1.1960,0.00%,限制大额申购,开放赎回,nan
2018-09-17,1.1640,1.1960,0.00%,限制大额申购,开放赎回,nan
2018-09-14,1.1640,1.1960,0.09%,限制大额申购,开放赎回,nan
2018-09-13,1.1630,1.1950,0.00%,限制大额申购,开放赎回,nan
2018-09-12,1.1630,1.1950,0.00%,限制大额申购,开放赎回,nan
2018-09-11,1.1630,1.1950,0.00%,限制大额申购,开放赎回,nan
2018-09-10,1.1630,1.1950,0.00%,限制大额申购,开放赎回,nan
2018-09-07,1.1630,1.1950,0.00%,限制大额申购,开放赎回,nan
2018-09-06,1.1630,1.1950,-0.09%,限制大额申购,开放赎回,nan
2018-09-05,1.1640,1.1960,0.09%,限制大额申购,开放赎回,nan
2018-09-04,1.1630,1.1950,0.00%,限制大额申购,开放赎回,nan
2018-09-03,1.1630,1.1950,0.00%,限制大额申购,开放赎回,nan
2018-08-31,1.1630,1.1950,0.00%,限制大额申购,开放赎回,nan
2018-08-30,1.1630,1.1950,0.09%,限制大额申购,开放赎回,nan
2018-08-29,1.1620,1.1940,0.00%,限制大额申购,开放赎回,nan
2018-08-28,1.1620,1.1940,0.00%,限制大额申购,开放赎回,nan
2018-08-27,1.1620,1.1940,0.00%,限制大额申购,开放赎回,nan
2018-08-24,1.1620,1.1940,0.09%,限制大额申购,开放赎回,nan
2018-08-23,1.1610,1.1930,0.00%,限制大额申购,开放赎回,nan
2018-08-22,1.1610,1.1930,0.09%,限制大额申购,开放赎回,nan
2018-08-21,1.1600,1.1920,-0.09%,限制大额申购,开放赎回,nan
2018-08-20,1.1610,1.1930,-0.09%,限制大额申购,开放赎回,nan
2018-08-17,1.1620,1.1940,-0.09%,限制大额申购,开放赎回,nan
2018-08-16,1.1630,1.1950,-0.09%,限制大额申购,开放赎回,nan
2018-08-15,1.1640,1.1960,0.00%,限制大额申购,开放赎回,nan
2018-08-14,1.1640,1.1960,0.00%,限制大额申购,开放赎回,nan
2018-08-13,1.1640,1.1960,-0.17%,限制大额申购,开放赎回,nan
2018-08-10,1.1660,1.1980,0.00%,限制大额申购,开放赎回,nan
2018-08-09,1.1660,1.1980,-0.17%,限制大额申购,开放赎回,nan
2018-08-08,1.1680,1.2000,0.00%,限制大额申购,开放赎回,nan
2018-08-07,1.1680,1.2000,0.09%,开放申购,开放赎回,nan
2018-08-06,1.1670,1.1990,0.09%,开放申购,开放赎回,nan
2018-08-03,1.1660,1.1980,0.09%,开放申购,开放赎回,nan
2018-08-02,1.1650,1.1970,0.09%,开放申购,开放赎回,nan
2018-08-01,1.1640,1.1960,0.09%,开放申购,开放赎回,nan
2018-07-31,1.1630,1.1950,0.17%,开放申购,开放赎回,nan
2018-07-30,1.1610,1.1930,0.09%,开放申购,开放赎回,nan
2018-07-27,1.1600,1.1920,0.09%,开放申购,开放赎回,nan
2018-07-26,1.1590,1.1910,0.09%,开放申购,开放赎回,nan
2018-07-25,1.1580,1.1900,0.00%,开放申购,开放赎回,nan
2018-07-24,1.1580,1.1900,0.00%,开放申购,开放赎回,nan
2018-07-23,1.1580,1.1900,0.09%,开放申购,开放赎回,nan
2018-07-20,1.1570,1.1890,0.09%,开放申购,开放赎回,nan
2018-07-19,1.1560,1.1880,0.09%,开放申购,开放赎回,nan
2018-07-18,1.1550,1.1870,0.09%,开放申购,开放赎回,nan
2018-07-17,1.1540,1.1860,0.00%,开放申购,开放赎回,nan
2018-07-16,1.1540,1.1860,0.09%,开放申购,开放赎回,nan
2018-07-13,1.1530,1.1850,0.00%,开放申购,开放赎回,nan
2018-07-12,1.1530,1.1850,0.09%,开放申购,开放赎回,nan
2018-07-11,1.1520,1.1840,0.00%,开放申购,开放赎回,nan
2018-07-10,1.1520,1.1840,0.00%,开放申购,开放赎回,nan
2018-07-09,1.1520,1.1840,0.00%,开放申购,开放赎回,nan
2018-07-06,1.1520,1.1840,0.00%,开放申购,开放赎回,nan
2018-07-05,1.1520,1.1840,0.17%,开放申购,开放赎回,nan
2018-07-04,1.1500,1.1820,0.09%,开放申购,开放赎回,nan
2018-07-03,1.1490,1.1810,0.09%,开放申购,开放赎回,nan
2018-07-02,1.1480,1.1800,0.17%,开放申购,开放赎回,nan
2018-06-30,1.1460,1.1780,nan,开放申购,开放赎回,nan
2018-06-29,1.1460,1.1780,0.09%,开放申购,开放赎回,nan
2018-06-28,1.1450,1.1770,0.09%,开放申购,开放赎回,nan
2018-06-27,1.1440,1.1760,0.00%,开放申购,开放赎回,nan
2018-06-26,1.1440,1.1760,0.00%,开放申购,开放赎回,nan
2018-06-25,1.1440,1.1760,0.09%,开放申购,开放赎回,nan
2018-06-22,1.1430,1.1750,0.00%,开放申购,开放赎回,nan
2018-06-21,1.1430,1.1750,0.09%,开放申购,开放赎回,nan
2018-06-20,1.1420,1.1740,0.00%,开放申购,开放赎回,nan
2018-06-19,1.1420,1.1740,0.00%,开放申购,开放赎回,nan
2018-06-15,1.1420,1.1740,0.09%,开放申购,开放赎回,nan
2018-06-14,1.1410,1.1730,0.00%,开放申购,开放赎回,nan
2018-06-13,1.1410,1.1730,0.00%,开放申购,开放赎回,nan
2018-06-12,1.1410,1.1730,0.00%,开放申购,开放赎回,nan
2018-06-11,1.1410,1.1730,0.00%,开放申购,开放赎回,nan
2018-06-08,1.1410,1.1730,0.00%,开放申购,开放赎回,nan
2018-06-07,1.1410,1.1730,-0.09%,开放申购,开放赎回,nan
2018-06-06,1.1420,1.1740,0.09%,开放申购,开放赎回,nan
2018-06-05,1.1410,1.1730,0.00%,开放申购,开放赎回,nan
2018-06-04,1.1410,1.1730,0.00%,开放申购,开放赎回,nan
2018-06-01,1.1410,1.1730,0.00%,开放申购,开放赎回,nan
2018-05-31,1.1410,1.1730,0.00%,开放申购,开放赎回,nan
2018-05-30,1.1410,1.1730,0.00%,开放申购,开放赎回,nan
2018-05-29,1.1410,1.1730,0.00%,开放申购,开放赎回,nan
2018-05-28,1.1410,1.1730,0.09%,开放申购,开放赎回,nan
2018-05-25,1.1400,1.1720,0.00%,开放申购,开放赎回,nan
2018-05-24,1.1400,1.1720,0.00%,开放申购,开放赎回,nan
2018-05-23,1.1400,1.1720,0.09%,开放申购,开放赎回,nan
2018-05-22,1.1390,1.1710,0.00%,开放申购,开放赎回,nan
2018-05-21,1.1390,1.1710,0.09%,开放申购,开放赎回,nan
2018-05-18,1.1380,1.1700,0.00%,开放申购,开放赎回,nan
2018-05-17,1.1380,1.1700,0.00%,开放申购,开放赎回,nan
2018-05-16,1.1380,1.1700,-0.09%,开放申购,开放赎回,nan
2018-05-15,1.1390,1.1710,0.00%,开放申购,开放赎回,nan
2018-05-14,1.1390,1.1710,0.00%,开放申购,开放赎回,nan
2018-05-11,1.1390,1.1710,0.00%,开放申购,开放赎回,nan
2018-05-10,1.1390,1.1710,0.00%,开放申购,开放赎回,nan
2018-05-09,1.1390,1.1710,-0.09%,开放申购,开放赎回,nan
2018-05-08,1.1400,1.1720,-0.09%,开放申购,开放赎回,nan
2018-05-07,1.1410,1.1730,0.00%,开放申购,开放赎回,nan
2018-05-04,1.1410,1.1730,0.00%,开放申购,开放赎回,nan
2018-05-03,1.1410,1.1730,0.09%,开放申购,开放赎回,nan
2018-05-02,1.1400,1.1720,-0.09%,开放申购,开放赎回,nan
2018-04-27,1.1410,1.1730,-0.09%,开放申购,开放赎回,nan
2018-04-26,1.1420,1.1740,0.00%,开放申购,开放赎回,nan
2018-04-25,1.1420,1.1740,0.00%,开放申购,开放赎回,nan
2018-04-24,1.1420,1.1740,-0.09%,开放申购,开放赎回,nan
2018-04-23,1.1430,1.1750,0.00%,开放申购,开放赎回,nan
2018-04-20,1.1430,1.1750,0.00%,开放申购,开放赎回,nan
2018-04-19,1.1430,1.1750,-0.09%,开放申购,开放赎回,nan
2018-04-18,1.1440,1.1760,0.53%,开放申购,开放赎回,nan
2018-04-17,1.1380,1.1700,0.09%,开放申购,开放赎回,nan
2018-04-16,1.1370,1.1690,0.00%,开放申购,开放赎回,nan
2018-04-13,1.1370,1.1690,0.00%,开放申购,开放赎回,nan
2018-04-12,1.1370,1.1690,0.00%,开放申购,开放赎回,nan
2018-04-11,1.1370,1.1690,0.00%,开放申购,开放赎回,nan
2018-04-10,1.1370,1.1690,0.00%,开放申购,开放赎回,nan
2018-04-09,1.1370,1.1690,0.26%,开放申购,开放赎回,nan
2018-04-04,1.1340,1.1660,0.00%,开放申购,开放赎回,nan
2018-04-03,1.1340,1.1660,0.09%,开放申购,开放赎回,nan
2018-04-02,1.1330,1.1650,0.09%,开放申购,开放赎回,nan
2018-03-30,1.1320,1.1640,0.00%,开放申购,开放赎回,nan
2018-03-29,1.1320,1.1640,0.09%,开放申购,开放赎回,nan
2018-03-28,1.1310,1.1630,0.00%,开放申购,开放赎回,nan
2018-03-27,1.1310,1.1630,0.00%,开放申购,开放赎回,nan
2018-03-26,1.1310,1.1630,0.00%,开放申购,开放赎回,nan
2018-03-23,1.1310,1.1630,0.09%,开放申购,开放赎回,nan
2018-03-22,1.1300,1.1620,0.09%,开放申购,开放赎回,nan
2018-03-21,1.1290,1.1610,0.00%,开放申购,开放赎回,nan
2018-03-20,1.1290,1.1610,0.00%,开放申购,开放赎回,nan
2018-03-19,1.1290,1.1610,0.09%,开放申购,开放赎回,nan
2018-03-16,1.1280,1.1600,0.00%,开放申购,开放赎回,nan
2018-03-15,1.1280,1.1600,0.00%,开放申购,开放赎回,nan
2018-03-14,1.1280,1.1600,0.00%,限制大额申购,开放赎回,nan
2018-03-13,1.1280,1.1600,0.00%,限制大额申购,开放赎回,nan
2018-03-12,1.1280,1.1600,0.09%,限制大额申购,开放赎回,nan
2018-03-09,1.1270,1.1590,0.00%,限制大额申购,开放赎回,nan
2018-03-08,1.1270,1.1590,0.00%,限制大额申购,开放赎回,nan
2018-03-07,1.1270,1.1590,0.00%,限制大额申购,开放赎回,nan
2018-03-06,1.1270,1.1590,0.00%,限制大额申购,开放赎回,nan
2018-03-05,1.1270,1.1590,0.00%,限制大额申购,开放赎回,nan
2018-03-02,1.1270,1.1590,0.00%,限制大额申购,开放赎回,nan
2018-03-01,1.1270,1.1590,0.09%,限制大额申购,开放赎回,nan
2018-02-28,1.1260,1.1580,0.00%,限制大额申购,开放赎回,nan
2018-02-27,1.1260,1.1580,0.00%,限制大额申购,开放赎回,nan
2018-02-26,1.1260,1.1580,0.00%,限制大额申购,开放赎回,nan
2018-02-23,1.1260,1.1580,0.00%,限制大额申购,开放赎回,nan
2018-02-22,1.1260,1.1580,0.09%,限制大额申购,开放赎回,nan
2018-02-14,1.1250,1.1570,0.00%,限制大额申购,开放赎回,nan
2018-02-13,1.1250,1.1570,0.00%,限制大额申购,开放赎回,nan
2018-02-12,1.1250,1.1570,0.09%,限制大额申购,开放赎回,nan
2018-02-09,1.1240,1.1560,0.00%,限制大额申购,开放赎回,nan
2018-02-08,1.1240,1.1560,0.00%,限制大额申购,开放赎回,nan
2018-02-07,1.1240,1.1560,0.00%,限制大额申购,开放赎回,nan
2018-02-06,1.1240,1.1560,0.09%,限制大额申购,开放赎回,nan
2018-02-05,1.1230,1.1550,0.00%,限制大额申购,开放赎回,nan
2018-02-02,1.1230,1.1550,0.00%,限制大额申购,开放赎回,nan
2018-02-01,1.1230,1.1550,0.00%,限制大额申购,开放赎回,nan
2018-01-31,1.1230,1.1550,0.09%,限制大额申购,开放赎回,nan
2018-01-30,1.1220,1.1540,0.00%,限制大额申购,开放赎回,nan
2018-01-29,1.1220,1.1540,0.00%,限制大额申购,开放赎回,nan
2018-01-26,1.1220,1.1540,0.00%,限制大额申购,开放赎回,nan
2018-01-25,1.1220,1.1540,0.00%,限制大额申购,开放赎回,nan
2018-01-24,1.1220,1.1540,0.00%,限制大额申购,开放赎回,nan
2018-01-23,1.1220,1.1540,0.00%,限制大额申购,开放赎回,nan
2018-01-22,1.1220,1.1540,0.09%,限制大额申购,开放赎回,nan
2018-01-19,1.1210,1.1530,0.00%,限制大额申购,开放赎回,nan
2018-01-18,1.1210,1.1530,0.00%,限制大额申购,开放赎回,nan
2018-01-17,1.1210,1.1530,0.00%,限制大额申购,开放赎回,nan
2018-01-16,1.1210,1.1530,0.00%,限制大额申购,开放赎回,nan
2018-01-15,1.1210,1.1530,0.00%,限制大额申购,开放赎回,nan
2018-01-12,1.1210,1.1530,0.00%,限制大额申购,开放赎回,nan
2018-01-11,1.1210,1.1530,0.00%,限制大额申购,开放赎回,nan
2018-01-10,1.1210,1.1530,0.00%,限制大额申购,开放赎回,nan
2018-01-09,1.1210,1.1530,0.00%,限制大额申购,开放赎回,nan
2018-01-08,1.1210,1.1530,0.09%,限制大额申购,开放赎回,nan
2018-01-05,1.1200,1.1520,0.00%,限制大额申购,开放赎回,nan
2018-01-04,1.1200,1.1520,0.00%,限制大额申购,开放赎回,nan
2018-01-03,1.1200,1.1520,0.09%,限制大额申购,开放赎回,nan
2018-01-02,1.1190,1.1510,0.09%,限制大额申购,开放赎回,nan
2017-12-31,1.1180,1.1500,nan,限制大额申购,开放赎回,nan
2017-12-29,1.1180,1.1500,0.09%,限制大额申购,开放赎回,nan
2017-12-28,1.1170,1.1490,0.00%,限制大额申购,开放赎回,nan
2017-12-27,1.1170,1.1490,0.00%,限制大额申购,开放赎回,nan
2017-12-26,1.1170,1.1490,0.00%,限制大额申购,开放赎回,nan
2017-12-25,1.1170,1.1490,0.00%,限制大额申购,开放赎回,nan
2017-12-22,1.1170,1.1490,0.00%,限制大额申购,开放赎回,nan
2017-12-21,1.1170,1.1490,0.00%,限制大额申购,开放赎回,nan
2017-12-20,1.1170,1.1490,0.00%,限制大额申购,开放赎回,nan
2017-12-19,1.1170,1.1490,0.00%,限制大额申购,开放赎回,nan
2017-12-18,1.1170,1.1490,0.00%,限制大额申购,开放赎回,nan
2017-12-15,1.1170,1.1490,0.00%,限制大额申购,开放赎回,nan
2017-12-14,1.1170,1.1490,0.00%,限制大额申购,开放赎回,nan
2017-12-13,1.1170,1.1490,0.00%,限制大额申购,开放赎回,nan
2017-12-12,1.1170,1.1490,0.00%,限制大额申购,开放赎回,nan
2017-12-11,1.1170,1.1490,0.00%,限制大额申购,开放赎回,nan
2017-12-08,1.1170,1.1490,0.00%,限制大额申购,开放赎回,nan
2017-12-07,1.1170,1.1490,0.00%,限制大额申购,开放赎回,nan
2017-12-06,1.1170,1.1490,0.09%,限制大额申购,开放赎回,nan
2017-12-05,1.1160,1.1480,0.00%,限制大额申购,开放赎回,nan
2017-12-04,1.1160,1.1480,0.09%,限制大额申购,开放赎回,nan
2017-12-01,1.1150,1.1470,0.00%,限制大额申购,开放赎回,nan
2017-11-30,1.1150,1.1470,0.00%,限制大额申购,开放赎回,nan
2017-11-29,1.1150,1.1470,0.00%,限制大额申购,开放赎回,nan
2017-11-28,1.1150,1.1470,0.00%,限制大额申购,开放赎回,nan
2017-11-27,1.1150,1.1470,0.00%,限制大额申购,开放赎回,nan
2017-11-24,1.1150,1.1470,0.00%,限制大额申购,开放赎回,nan
2017-11-23,1.1150,1.1470,-0.09%,限制大额申购,开放赎回,nan
2017-11-22,1.1160,1.1480,0.00%,限制大额申购,开放赎回,nan
2017-11-21,1.1160,1.1480,-0.09%,限制大额申购,开放赎回,nan
2017-11-20,1.1170,1.1490,0.09%,限制大额申购,开放赎回,nan
2017-11-17,1.1160,1.1480,-0.09%,限制大额申购,开放赎回,nan
2017-11-16,1.1170,1.1490,0.00%,限制大额申购,开放赎回,nan
2017-11-15,1.1170,1.1490,0.00%,限制大额申购,开放赎回,nan
2017-11-14,1.1170,1.1490,0.00%,限制大额申购,开放赎回,nan
2017-11-13,1.1170,1.1490,0.00%,限制大额申购,开放赎回,nan
2017-11-10,1.1170,1.1490,-0.09%,限制大额申购,开放赎回,nan
2017-11-09,1.1180,1.1500,0.00%,限制大额申购,开放赎回,nan
2017-11-08,1.1180,1.1500,0.00%,限制大额申购,开放赎回,nan
2017-11-07,1.1180,1.1500,0.00%,限制大额申购,开放赎回,nan
2017-11-06,1.1180,1.1500,0.00%,限制大额申购,开放赎回,nan
2017-11-03,1.1180,1.1500,0.00%,限制大额申购,开放赎回,nan
2017-11-02,1.1180,1.1500,0.00%,限制大额申购,开放赎回,nan
2017-11-01,1.1180,1.1500,0.09%,限制大额申购,开放赎回,nan
2017-10-31,1.1170,1.1490,-0.09%,限制大额申购,开放赎回,nan
2017-10-30,1.1180,1.1500,0.00%,限制大额申购,开放赎回,nan
2017-10-27,1.1180,1.1500,-0.09%,限制大额申购,开放赎回,nan
2017-10-26,1.1190,1.1510,0.00%,限制大额申购,开放赎回,nan
2017-10-25,1.1190,1.1510,0.00%,限制大额申购,开放赎回,nan
2017-10-24,1.1190,1.1510,0.00%,限制大额申购,开放赎回,nan
2017-10-23,1.1190,1.1510,0.00%,限制大额申购,开放赎回,nan
2017-10-20,1.1190,1.1510,0.00%,限制大额申购,开放赎回,nan
2017-10-19,1.1190,1.1510,0.09%,限制大额申购,开放赎回,nan
2017-10-18,1.1180,1.1500,0.00%,限制大额申购,开放赎回,nan
2017-10-17,1.1180,1.1500,-0.09%,限制大额申购,开放赎回,nan
2017-10-16,1.1190,1.1510,0.00%,限制大额申购,开放赎回,nan
2017-10-13,1.1190,1.1510,0.00%,限制大额申购,开放赎回,nan
2017-10-12,1.1190,1.1510,0.00%,限制大额申购,开放赎回,nan
2017-10-11,1.1190,1.1510,0.00%,限制大额申购,开放赎回,nan
2017-10-10,1.1190,1.1510,0.00%,限制大额申购,开放赎回,nan
2017-10-09,1.1190,1.1510,0.09%,限制大额申购,开放赎回,nan
2017-09-29,1.1180,1.1500,0.09%,限制大额申购,开放赎回,nan
2017-09-28,1.1170,1.1490,0.00%,限制大额申购,开放赎回,nan
2017-09-27,1.1170,1.1490,0.00%,限制大额申购,开放赎回,nan
2017-09-26,1.1170,1.1490,-0.09%,限制大额申购,开放赎回,nan
2017-09-25,1.1180,1.1500,0.09%,限制大额申购,开放赎回,nan
2017-09-22,1.1170,1.1490,0.00%,限制大额申购,开放赎回,nan
2017-09-21,1.1170,1.1490,0.00%,限制大额申购,开放赎回,nan
2017-09-20,1.1170,1.1490,0.00%,限制大额申购,开放赎回,nan
2017-09-19,1.1170,1.1490,0.00%,限制大额申购,开放赎回,nan
2017-09-18,1.1170,1.1490,0.09%,限制大额申购,开放赎回,nan
2017-09-15,1.1160,1.1480,0.00%,限制大额申购,开放赎回,nan
2017-09-14,1.1160,1.1480,0.00%,限制大额申购,开放赎回,nan
2017-09-13,1.1160,1.1480,0.09%,限制大额申购,开放赎回,nan
2017-09-12,1.1150,1.1470,0.00%,限制大额申购,开放赎回,nan
2017-09-11,1.1150,1.1470,0.00%,限制大额申购,开放赎回,nan
2017-09-08,1.1150,1.1470,0.09%,限制大额申购,开放赎回,nan
2017-09-07,1.1140,1.1460,0.00%,限制大额申购,开放赎回,nan
2017-09-06,1.1140,1.1460,0.00%,限制大额申购,开放赎回,nan
2017-09-05,1.1140,1.1460,0.00%,限制大额申购,开放赎回,nan
2017-09-04,1.1140,1.1460,0.09%,限制大额申购,开放赎回,nan
2017-09-01,1.1130,1.1450,0.00%,限制大额申购,开放赎回,nan
2017-08-31,1.1130,1.1450,0.00%,限制大额申购,开放赎回,nan
2017-08-30,1.1130,1.1450,0.00%,限制大额申购,开放赎回,nan
2017-08-29,1.1130,1.1450,0.00%,限制大额申购,开放赎回,nan
2017-08-28,1.1130,1.1450,0.00%,限制大额申购,开放赎回,nan
2017-08-25,1.1130,1.1450,0.00%,限制大额申购,开放赎回,nan
2017-08-24,1.1130,1.1450,0.00%,限制大额申购,开放赎回,nan
2017-08-23,1.1130,1.1450,-0.09%,限制大额申购,开放赎回,nan
2017-08-22,1.1140,1.1460,0.00%,限制大额申购,开放赎回,nan
2017-08-21,1.1140,1.1460,0.00%,限制大额申购,开放赎回,nan
2017-08-18,1.1140,1.1460,0.00%,限制大额申购,开放赎回,nan
2017-08-17,1.1140,1.1460,0.00%,限制大额申购,开放赎回,nan
2017-08-16,1.1140,1.1460,0.00%,限制大额申购,开放赎回,nan
2017-08-15,1.1140,1.1460,0.00%,限制大额申购,开放赎回,nan
2017-08-14,1.1140,1.1460,0.09%,限制大额申购,开放赎回,nan
2017-08-11,1.1130,1.1450,0.00%,限制大额申购,开放赎回,nan
2017-08-10,1.1130,1.1450,0.00%,限制大额申购,开放赎回,nan
2017-08-09,1.1130,1.1450,0.00%,限制大额申购,开放赎回,nan
2017-08-08,1.1130,1.1450,0.00%,限制大额申购,开放赎回,nan
2017-08-07,1.1130,1.1450,0.00%,限制大额申购,开放赎回,nan
2017-08-04,1.1130,1.1450,0.00%,限制大额申购,开放赎回,nan
2017-08-03,1.1130,1.1450,0.00%,限制大额申购,开放赎回,nan
2017-08-02,1.1130,1.1450,0.00%,限制大额申购,开放赎回,nan
2017-08-01,1.1130,1.1450,0.00%,限制大额申购,开放赎回,nan
2017-07-31,1.1130,1.1450,0.00%,限制大额申购,开放赎回,nan
2017-07-28,1.1130,1.1450,0.00%,限制大额申购,开放赎回,nan
2017-07-27,1.1130,1.1450,0.09%,限制大额申购,开放赎回,nan
2017-07-26,1.1120,1.1440,0.00%,限制大额申购,开放赎回,nan
2017-07-25,1.1120,1.1440,0.00%,限制大额申购,开放赎回,nan
2017-07-24,1.1120,1.1440,0.00%,限制大额申购,开放赎回,nan
2017-07-21,1.1120,1.1440,0.00%,限制大额申购,开放赎回,nan
2017-07-20,1.1120,1.1440,0.00%,限制大额申购,开放赎回,nan
2017-07-19,1.1120,1.1440,0.09%,限制大额申购,开放赎回,nan
2017-07-18,1.1110,1.1430,-0.09%,限制大额申购,开放赎回,nan
2017-07-17,1.1120,1.1440,0.09%,限制大额申购,开放赎回,nan
2017-07-14,1.1110,1.1430,0.00%,限制大额申购,开放赎回,nan
2017-07-13,1.1110,1.1430,0.00%,限制大额申购,开放赎回,nan
2017-07-12,1.1110,1.1430,0.09%,限制大额申购,开放赎回,nan
2017-07-11,1.1100,1.1420,0.00%,限制大额申购,开放赎回,nan
2017-07-10,1.1100,1.1420,0.00%,限制大额申购,开放赎回,nan
2017-07-07,1.1100,1.1420,0.00%,限制大额申购,开放赎回,nan
2017-07-06,1.1100,1.1420,0.09%,限制大额申购,开放赎回,nan
2017-07-05,1.1090,1.1410,0.00%,限制大额申购,开放赎回,nan
2017-07-04,1.1090,1.1410,-0.09%,限制大额申购,开放赎回,nan
2017-07-03,1.1100,1.1420,0.09%,限制大额申购,开放赎回,nan
2017-06-30,1.1090,1.1410,0.00%,限制大额申购,开放赎回,nan
2017-06-29,1.1090,1.1410,0.00%,限制大额申购,开放赎回,nan
2017-06-28,1.1090,1.1410,0.09%,限制大额申购,开放赎回,nan
2017-06-27,1.1080,1.1400,0.00%,限制大额申购,开放赎回,nan
2017-06-26,1.1080,1.1400,0.00%,限制大额申购,开放赎回,nan
2017-06-23,1.1080,1.1400,0.09%,限制大额申购,开放赎回,nan
2017-06-22,1.1070,1.1390,0.00%,限制大额申购,开放赎回,nan
2017-06-21,1.1070,1.1390,0.00%,限制大额申购,开放赎回,nan
2017-06-20,1.1070,1.1390,0.09%,限制大额申购,开放赎回,nan
2017-06-19,1.1060,1.1380,0.00%,限制大额申购,开放赎回,nan
2017-06-16,1.1060,1.1380,0.00%,限制大额申购,开放赎回,nan
2017-06-15,1.1060,1.1380,0.09%,限制大额申购,开放赎回,nan
2017-06-14,1.1050,1.1370,0.00%,限制大额申购,开放赎回,nan
2017-06-13,1.1050,1.1370,0.00%,限制大额申购,开放赎回,nan
2017-06-12,1.1050,1.1370,-0.09%,限制大额申购,开放赎回,nan
2017-06-09,1.1060,1.1380,0.00%,限制大额申购,开放赎回,nan
2017-06-08,1.1060,1.1380,0.09%,限制大额申购,开放赎回,nan
2017-06-07,1.1050,1.1370,0.00%,限制大额申购,开放赎回,nan
2017-06-06,1.1050,1.1370,-0.09%,限制大额申购,开放赎回,nan
2017-06-05,1.1060,1.1380,0.09%,限制大额申购,开放赎回,nan
2017-06-02,1.1050,1.1370,0.00%,限制大额申购,开放赎回,nan
2017-06-01,1.1050,1.1370,0.00%,限制大额申购,开放赎回,nan
2017-05-31,1.1050,1.1370,0.09%,限制大额申购,开放赎回,nan
2017-05-26,1.1040,1.1360,0.00%,限制大额申购,开放赎回,nan
2017-05-25,1.1040,1.1360,0.00%,限制大额申购,开放赎回,nan
2017-05-24,1.1040,1.1360,0.00%,限制大额申购,开放赎回,nan
2017-05-23,1.1040,1.1360,0.00%,限制大额申购,开放赎回,nan
2017-05-22,1.1040,1.1360,0.00%,限制大额申购,开放赎回,nan
2017-05-19,1.1040,1.1360,0.00%,限制大额申购,开放赎回,nan
2017-05-18,1.1040,1.1360,0.09%,限制大额申购,开放赎回,nan
2017-05-17,1.1030,1.1350,0.00%,限制大额申购,开放赎回,nan
2017-05-16,1.1030,1.1350,-0.09%,限制大额申购,开放赎回,nan
2017-05-15,1.1040,1.1360,0.09%,限制大额申购,开放赎回,nan
2017-05-12,1.1030,1.1350,0.00%,限制大额申购,开放赎回,nan
2017-05-11,1.1030,1.1350,0.00%,限制大额申购,开放赎回,nan
2017-05-10,1.1030,1.1350,-0.09%,限制大额申购,开放赎回,nan
2017-05-09,1.1040,1.1360,0.00%,限制大额申购,开放赎回,nan
2017-05-08,1.1040,1.1360,0.09%,限制大额申购,开放赎回,nan
2017-05-05,1.1030,1.1350,0.00%,限制大额申购,开放赎回,nan
2017-05-04,1.1030,1.1350,-0.09%,限制大额申购,开放赎回,nan
2017-05-03,1.1040,1.1360,0.00%,限制大额申购,开放赎回,nan
2017-05-02,1.1040,1.1360,0.00%,限制大额申购,开放赎回,nan
2017-04-28,1.1040,1.1360,0.00%,限制大额申购,开放赎回,nan
2017-04-27,1.1040,1.1360,0.09%,限制大额申购,开放赎回,nan
2017-04-26,1.1030,1.1350,0.00%,限制大额申购,开放赎回,nan
2017-04-25,1.1030,1.1350,0.00%,限制大额申购,开放赎回,nan
2017-04-24,1.1030,1.1350,0.00%,限制大额申购,开放赎回,nan
2017-04-21,1.1030,1.1350,0.00%,限制大额申购,开放赎回,nan
2017-04-20,1.1030,1.1350,-0.09%,限制大额申购,开放赎回,nan
2017-04-19,1.1040,1.1360,0.00%,限制大额申购,开放赎回,nan
2017-04-18,1.1040,1.1360,0.00%,限制大额申购,开放赎回,nan
2017-04-17,1.1040,1.1360,0.00%,限制大额申购,开放赎回,nan
2017-04-14,1.1040,1.1360,0.00%,限制大额申购,开放赎回,nan
2017-04-13,1.1040,1.1360,0.00%,限制大额申购,开放赎回,nan
2017-04-12,1.1040,1.1360,0.00%,限制大额申购,开放赎回,nan
2017-04-11,1.1040,1.1360,0.09%,限制大额申购,开放赎回,nan
2017-04-10,1.1030,1.1350,0.00%,限制大额申购,开放赎回,nan
2017-04-07,1.1030,1.1350,0.00%,限制大额申购,开放赎回,nan
2017-04-06,1.1030,1.1350,0.09%,限制大额申购,开放赎回,nan
2017-04-05,1.1020,1.1340,0.00%,限制大额申购,开放赎回,nan
2017-03-31,1.1020,1.1340,0.00%,限制大额申购,开放赎回,nan
2017-03-30,1.1020,1.1340,0.00%,限制大额申购,开放赎回,nan
2017-03-29,1.1020,1.1340,0.09%,限制大额申购,开放赎回,nan
2017-03-28,1.1010,1.1330,0.00%,限制大额申购,开放赎回,nan
2017-03-27,1.1010,1.1330,0.00%,限制大额申购,开放赎回,nan
2017-03-24,1.1010,1.1330,0.09%,限制大额申购,开放赎回,nan
2017-03-23,1.1000,1.1320,0.00%,限制大额申购,开放赎回,nan
2017-03-22,1.1000,1.1320,0.00%,限制大额申购,开放赎回,nan
2017-03-21,1.1000,1.1320,-0.09%,限制大额申购,开放赎回,nan
2017-03-20,1.1010,1.1330,0.00%,限制大额申购,开放赎回,nan
2017-03-17,1.1010,1.1330,0.00%,限制大额申购,开放赎回,nan
2017-03-16,1.1010,1.1330,0.09%,限制大额申购,开放赎回,nan
2017-03-15,1.1000,1.1320,0.00%,限制大额申购,开放赎回,nan
2017-03-14,1.1000,1.1320,0.00%,限制大额申购,开放赎回,nan
2017-03-13,1.1000,1.1320,0.00%,限制大额申购,开放赎回,nan
2017-03-10,1.1000,1.1320,0.00%,限制大额申购,开放赎回,nan
2017-03-09,1.1000,1.1320,0.00%,限制大额申购,开放赎回,nan
2017-03-08,1.1000,1.1320,0.00%,限制大额申购,开放赎回,nan
2017-03-07,1.1000,1.1320,-0.09%,限制大额申购,开放赎回,nan
2017-03-06,1.1010,1.1330,0.09%,限制大额申购,开放赎回,nan
2017-03-03,1.1000,1.1320,0.00%,限制大额申购,开放赎回,nan
2017-03-02,1.1000,1.1320,0.00%,限制大额申购,开放赎回,nan
2017-03-01,1.1000,1.1320,-0.09%,限制大额申购,开放赎回,nan
2017-02-28,1.1010,1.1330,0.00%,限制大额申购,开放赎回,nan
2017-02-27,1.1010,1.1330,0.09%,限制大额申购,开放赎回,nan
2017-02-24,1.1000,1.1320,0.00%,限制大额申购,开放赎回,nan
2017-02-23,1.1000,1.1320,0.00%,限制大额申购,开放赎回,nan
2017-02-22,1.1000,1.1320,0.00%,限制大额申购,开放赎回,nan
2017-02-21,1.1000,1.1320,0.00%,限制大额申购,开放赎回,nan
2017-02-20,1.1000,1.1320,0.00%,限制大额申购,开放赎回,nan
2017-02-17,1.1000,1.1320,0.00%,限制大额申购,开放赎回,nan
2017-02-16,1.1000,1.1320,0.09%,限制大额申购,开放赎回,nan
2017-02-15,1.0990,1.1310,0.00%,限制大额申购,开放赎回,nan
2017-02-14,1.0990,1.1310,0.00%,限制大额申购,开放赎回,nan
2017-02-13,1.0990,1.1310,0.00%,限制大额申购,开放赎回,nan
2017-02-10,1.0990,1.1310,0.00%,限制大额申购,开放赎回,nan
2017-02-09,1.0990,1.1310,0.00%,限制大额申购,开放赎回,nan
2017-02-08,1.0990,1.1310,0.09%,限制大额申购,开放赎回,nan
2017-02-07,1.0980,1.1300,-0.09%,限制大额申购,开放赎回,nan
2017-02-06,1.0990,1.1310,0.00%,限制大额申购,开放赎回,nan
2017-02-03,1.0990,1.1310,0.00%,限制大额申购,开放赎回,nan
2017-01-26,1.0990,1.1310,0.00%,限制大额申购,开放赎回,nan
2017-01-25,1.0990,1.1310,-0.09%,限制大额申购,开放赎回,nan
2017-01-24,1.1000,1.1320,0.00%,限制大额申购,开放赎回,nan
2017-01-23,1.1000,1.1320,0.00%,限制大额申购,开放赎回,nan
2017-01-20,1.1000,1.1320,0.09%,限制大额申购,开放赎回,nan
2017-01-19,1.0990,1.1310,0.00%,限制大额申购,开放赎回,nan
2017-01-18,1.0990,1.1310,0.00%,限制大额申购,开放赎回,nan
2017-01-17,1.0990,1.1310,-0.09%,限制大额申购,开放赎回,nan
2017-01-16,1.1000,1.1320,0.00%,限制大额申购,开放赎回,nan
2017-01-13,1.1000,1.1320,0.00%,限制大额申购,开放赎回,nan
2017-01-12,1.1000,1.1320,0.09%,限制大额申购,开放赎回,nan
2017-01-11,1.0990,1.1310,0.00%,限制大额申购,开放赎回,nan
2017-01-10,1.0990,1.1310,0.09%,限制大额申购,开放赎回,nan
2017-01-09,1.0980,1.1300,0.00%,限制大额申购,开放赎回,nan
2017-01-06,1.0980,1.1300,-0.09%,限制大额申购,开放赎回,nan
2017-01-05,1.0990,1.1310,-0.09%,限制大额申购,开放赎回,nan
2017-01-04,1.1000,1.1320,0.00%,限制大额申购,开放赎回,nan
2017-01-03,1.1000,1.1320,0.09%,限制大额申购,开放赎回,nan
2016-12-31,1.0990,1.1310,0.00%,限制大额申购,开放赎回,nan
2016-12-30,1.0990,1.1310,0.09%,限制大额申购,开放赎回,nan
2016-12-29,1.0980,1.1300,0.09%,限制大额申购,开放赎回,nan
2016-12-28,1.0970,1.1290,0.00%,限制大额申购,开放赎回,nan
2016-12-27,1.0970,1.1290,0.00%,限制大额申购,开放赎回,nan
2016-12-26,1.0970,1.1290,0.09%,限制大额申购,开放赎回,nan
2016-12-23,1.0960,1.1280,0.09%,限制大额申购,开放赎回,nan
2016-12-22,1.0950,1.1270,0.18%,限制大额申购,开放赎回,nan
2016-12-21,1.0930,1.1250,0.09%,限制大额申购,开放赎回,nan
2016-12-20,1.0920,1.1240,-0.18%,限制大额申购,开放赎回,nan
2016-12-19,1.0940,1.1260,-0.18%,限制大额申购,开放赎回,nan
2016-12-16,1.0960,1.1280,0.00%,限制大额申购,开放赎回,nan
2016-12-15,1.0960,1.1280,-0.45%,限制大额申购,开放赎回,nan
2016-12-14,1.1010,1.1330,-0.18%,限制大额申购,开放赎回,nan
2016-12-13,1.1030,1.1350,-0.09%,限制大额申购,开放赎回,nan
2016-12-12,1.1040,1.1360,-0.18%,限制大额申购,开放赎回,nan
2016-12-09,1.1060,1.1380,0.00%,限制大额申购,开放赎回,nan
2016-12-08,1.1060,1.1380,-0.09%,限制大额申购,开放赎回,nan
2016-12-07,1.1070,1.1390,-0.27%,限制大额申购,开放赎回,nan
2016-12-06,1.1100,1.1420,-0.09%,限制大额申购,开放赎回,nan
2016-12-05,1.1110,1.1430,0.09%,限制大额申购,开放赎回,nan
2016-12-02,1.1100,1.1420,0.00%,限制大额申购,开放赎回,nan
2016-12-01,1.1100,1.1420,-0.09%,限制大额申购,开放赎回,nan
2016-11-30,1.1110,1.1430,-0.09%,限制大额申购,开放赎回,nan
2016-11-29,1.1120,1.1440,0.00%,限制大额申购,开放赎回,nan
2016-11-28,1.1120,1.1440,-0.09%,限制大额申购,开放赎回,nan
2016-11-25,1.1130,1.1450,0.00%,限制大额申购,开放赎回,nan
2016-11-24,1.1130,1.1450,0.09%,限制大额申购,开放赎回,nan
2016-11-23,1.1120,1.1440,0.00%,限制大额申购,开放赎回,nan
2016-11-22,1.1120,1.1440,0.27%,限制大额申购,开放赎回,nan
2016-11-21,1.1090,1.1410,0.00%,限制大额申购,开放赎回,nan
2016-11-18,1.1090,1.1410,-0.09%,限制大额申购,开放赎回,nan
2016-11-17,1.1100,1.1420,-0.09%,限制大额申购,开放赎回,nan
2016-11-16,1.1110,1.1430,0.00%,限制大额申购,开放赎回,nan
2016-11-15,1.1110,1.1430,-0.09%,限制大额申购,开放赎回,nan
2016-11-14,1.1120,1.1440,-0.09%,限制大额申购,开放赎回,nan
2016-11-11,1.1130,1.1450,-0.09%,限制大额申购,开放赎回,nan
2016-11-10,1.1140,1.1460,-0.09%,限制大额申购,开放赎回,nan
2016-11-09,1.1150,1.1470,0.09%,限制大额申购,开放赎回,nan
2016-11-08,1.1140,1.1460,0.00%,限制大额申购,开放赎回,nan
2016-11-07,1.1140,1.1460,0.00%,限制大额申购,开放赎回,nan
2016-11-04,1.1140,1.1460,0.00%,限制大额申购,开放赎回,nan
2016-11-03,1.1140,1.1460,0.00%,限制大额申购,开放赎回,nan
2016-11-02,1.1140,1.1460,-0.09%,限制大额申购,开放赎回,nan
2016-11-01,1.1150,1.1470,0.09%,限制大额申购,开放赎回,nan
2016-10-31,1.1140,1.1460,0.00%,限制大额申购,开放赎回,nan
2016-10-28,1.1140,1.1460,0.00%,限制大额申购,开放赎回,nan
2016-10-27,1.1140,1.1460,0.00%,限制大额申购,开放赎回,nan
2016-10-26,1.1140,1.1460,-0.09%,限制大额申购,开放赎回,nan
2016-10-25,1.1150,1.1470,-0.09%,限制大额申购,开放赎回,nan
2016-10-24,1.1160,1.1480,0.00%,限制大额申购,开放赎回,nan
2016-10-21,1.1160,1.1480,0.09%,限制大额申购,开放赎回,nan
2016-10-20,1.1150,1.1470,0.00%,限制大额申购,开放赎回,nan
2016-10-19,1.1150,1.1470,0.09%,限制大额申购,开放赎回,nan
2016-10-18,1.1140,1.1460,0.00%,限制大额申购,开放赎回,nan
2016-10-17,1.1140,1.1460,0.00%,限制大额申购,开放赎回,nan
2016-10-14,1.1140,1.1460,0.09%,限制大额申购,开放赎回,nan
2016-10-13,1.1130,1.1450,0.00%,限制大额申购,开放赎回,nan
2016-10-12,1.1130,1.1450,0.00%,限制大额申购,开放赎回,nan
2016-10-11,1.1130,1.1450,-0.09%,限制大额申购,开放赎回,nan
2016-10-10,1.1140,1.1460,0.18%,限制大额申购,开放赎回,nan
2016-09-30,1.1120,1.1440,0.00%,限制大额申购,开放赎回,nan
2016-09-29,1.1120,1.1440,0.00%,限制大额申购,开放赎回,nan
2016-09-28,1.1120,1.1440,0.00%,限制大额申购,开放赎回,nan
2016-09-27,1.1120,1.1440,0.00%,限制大额申购,开放赎回,nan
2016-09-26,1.1120,1.1440,0.09%,限制大额申购,开放赎回,nan
2016-09-23,1.1110,1.1430,0.09%,限制大额申购,开放赎回,nan
2016-09-22,1.1100,1.1420,0.00%,限制大额申购,开放赎回,nan
2016-09-21,1.1100,1.1420,0.00%,限制大额申购,开放赎回,nan
2016-09-20,1.1100,1.1420,0.00%,限制大额申购,开放赎回,nan
2016-09-19,1.1100,1.1420,0.09%,限制大额申购,开放赎回,nan
2016-09-14,1.1090,1.1410,0.00%,限制大额申购,开放赎回,nan
2016-09-13,1.1090,1.1410,0.09%,限制大额申购,开放赎回,nan
2016-09-12,1.1080,1.1400,0.00%,限制大额申购,开放赎回,nan
2016-09-09,1.1080,1.1400,0.00%,限制大额申购,开放赎回,nan
2016-09-08,1.1080,1.1400,0.00%,限制大额申购,开放赎回,nan
2016-09-07,1.1080,1.1400,0.00%,限制大额申购,开放赎回,nan
2016-09-06,1.1080,1.1400,0.00%,限制大额申购,开放赎回,nan
2016-09-05,1.1080,1.1400,-0.09%,限制大额申购,开放赎回,nan
2016-09-02,1.1090,1.1410,0.09%,限制大额申购,开放赎回,nan
2016-09-01,1.1080,1.1400,0.00%,限制大额申购,开放赎回,nan
2016-08-31,1.1080,1.1400,-0.09%,限制大额申购,开放赎回,nan
2016-08-30,1.1090,1.1410,0.00%,限制大额申购,开放赎回,nan
2016-08-29,1.1090,1.1410,0.00%,限制大额申购,开放赎回,nan
2016-08-26,1.1090,1.1410,0.00%,限制大额申购,开放赎回,nan
2016-08-25,1.1090,1.1410,0.09%,限制大额申购,开放赎回,nan
2016-08-24,1.1080,1.1400,-0.18%,限制大额申购,开放赎回,nan
2016-08-23,1.1100,1.1420,0.00%,限制大额申购,开放赎回,nan
2016-08-22,1.1100,1.1420,0.18%,限制大额申购,开放赎回,nan
2016-08-19,1.1080,1.1400,-0.09%,限制大额申购,开放赎回,nan
2016-08-18,1.1090,1.1410,0.00%,限制大额申购,开放赎回,nan
2016-08-17,1.1090,1.1410,-0.09%,限制大额申购,开放赎回,nan
2016-08-16,1.1100,1.1420,0.09%,限制大额申购,开放赎回,nan
2016-08-15,1.1090,1.1410,0.09%,限制大额申购,开放赎回,nan
2016-08-12,1.1080,1.1400,0.00%,限制大额申购,开放赎回,nan
2016-08-11,1.1080,1.1400,0.00%,限制大额申购,开放赎回,nan
2016-08-10,1.1080,1.1400,0.09%,限制大额申购,开放赎回,nan
2016-08-09,1.1070,1.1390,0.09%,限制大额申购,开放赎回,nan
2016-08-08,1.1060,1.1380,0.00%,限制大额申购,开放赎回,nan
2016-08-05,1.1060,1.1380,0.09%,限制大额申购,开放赎回,nan
2016-08-04,1.1050,1.1370,0.00%,限制大额申购,开放赎回,nan
2016-08-03,1.1050,1.1370,0.09%,限制大额申购,开放赎回,nan
2016-08-02,1.1040,1.1360,-0.09%,限制大额申购,开放赎回,nan
2016-08-01,1.1050,1.1370,0.09%,限制大额申购,开放赎回,nan
2016-07-29,1.1040,1.1360,0.00%,限制大额申购,开放赎回,nan
2016-07-28,1.1040,1.1360,0.00%,限制大额申购,开放赎回,nan
2016-07-27,1.1040,1.1360,0.09%,限制大额申购,开放赎回,nan
2016-07-26,1.1030,1.1350,0.00%,限制大额申购,开放赎回,nan
2016-07-25,1.1030,1.1350,0.00%,限制大额申购,开放赎回,nan
2016-07-22,1.1030,1.1350,0.00%,限制大额申购,开放赎回,nan
2016-07-21,1.1030,1.1350,0.09%,限制大额申购,开放赎回,nan
2016-07-20,1.1020,1.1340,0.00%,限制大额申购,开放赎回,nan
2016-07-19,1.1020,1.1340,0.09%,限制大额申购,开放赎回,nan
2016-07-18,1.1010,1.1330,0.00%,限制大额申购,开放赎回,nan
2016-07-15,1.1010,1.1330,0.00%,限制大额申购,开放赎回,nan
2016-07-14,1.1010,1.1330,0.09%,限制大额申购,开放赎回,nan
2016-07-13,1.1000,1.1320,-0.09%,限制大额申购,开放赎回,nan
2016-07-12,1.1010,1.1330,0.00%,限制大额申购,开放赎回,nan
2016-07-11,1.1010,1.1330,0.09%,限制大额申购,开放赎回,nan
2016-07-08,1.1000,1.1320,0.00%,限制大额申购,开放赎回,nan
2016-07-07,1.1000,1.1320,0.00%,限制大额申购,开放赎回,nan
2016-07-06,1.1000,1.1320,0.09%,限制大额申购,开放赎回,nan
2016-07-05,1.0990,1.1310,0.00%,限制大额申购,开放赎回,nan
2016-07-04,1.0990,1.1310,0.00%,限制大额申购,开放赎回,nan
2016-07-01,1.0990,1.1310,0.09%,限制大额申购,开放赎回,nan
2016-06-30,1.0980,1.1300,0.09%,限制大额申购,开放赎回,nan
2016-06-29,1.0970,1.1290,-0.09%,限制大额申购,开放赎回,nan
2016-06-28,1.0980,1.1300,0.09%,限制大额申购,开放赎回,nan
2016-06-27,1.0970,1.1290,0.09%,限制大额申购,开放赎回,nan
2016-06-24,1.0960,1.1280,0.00%,限制大额申购,开放赎回,nan
2016-06-23,1.0960,1.1280,0.09%,限制大额申购,开放赎回,nan
2016-06-22,1.0950,1.1270,0.00%,限制大额申购,开放赎回,nan
2016-06-21,1.0950,1.1270,0.00%,限制大额申购,开放赎回,nan
2016-06-20,1.0950,1.1270,0.00%,限制大额申购,开放赎回,nan
2016-06-17,1.0950,1.1270,0.00%,限制大额申购,开放赎回,nan
2016-06-16,1.0950,1.1270,-0.18%,限制大额申购,开放赎回,nan
2016-06-15,1.0970,1.1290,0.09%,限制大额申购,开放赎回,nan
2016-06-14,1.0960,1.1280,0.00%,限制大额申购,开放赎回,nan
2016-06-13,1.0960,1.1280,0.09%,限制大额申购,开放赎回,nan
2016-06-08,1.0950,1.1270,-0.09%,限制大额申购,开放赎回,nan
2016-06-07,1.0960,1.1280,0.09%,限制大额申购,开放赎回,nan
2016-06-06,1.0950,1.1270,0.00%,限制大额申购,开放赎回,nan
2016-06-03,1.0950,1.1270,0.00%,限制大额申购,开放赎回,nan
2016-06-02,1.0950,1.1270,0.00%,限制大额申购,开放赎回,nan
2016-06-01,1.0950,1.1270,0.00%,限制大额申购,开放赎回,nan
2016-05-31,1.0950,1.1270,0.00%,限制大额申购,开放赎回,nan
2016-05-30,1.0950,1.1270,0.00%,限制大额申购,开放赎回,nan
2016-05-27,1.0950,1.1270,0.00%,限制大额申购,开放赎回,nan
2016-05-26,1.0950,1.1270,0.00%,限制大额申购,开放赎回,nan
2016-05-25,1.0950,1.1270,0.00%,限制大额申购,开放赎回,nan
2016-05-24,1.0950,1.1270,0.00%,限制大额申购,开放赎回,nan
2016-05-23,1.0950,1.1270,0.09%,限制大额申购,开放赎回,nan
2016-05-20,1.0940,1.1260,0.00%,限制大额申购,开放赎回,nan
2016-05-19,1.0940,1.1260,-0.09%,限制大额申购,开放赎回,nan
2016-05-18,1.0950,1.1270,0.00%,限制大额申购,开放赎回,nan
2016-05-17,1.0950,1.1270,0.00%,限制大额申购,开放赎回,nan
2016-05-16,1.0950,1.1270,0.00%,限制大额申购,开放赎回,nan
2016-05-13,1.0950,1.1270,0.09%,限制大额申购,开放赎回,nan
2016-05-12,1.0940,1.1260,0.00%,限制大额申购,开放赎回,nan
2016-05-11,1.0940,1.1260,0.00%,限制大额申购,开放赎回,nan
2016-05-10,1.0940,1.1260,0.00%,限制大额申购,开放赎回,nan
2016-05-09,1.0940,1.1260,0.09%,限制大额申购,开放赎回,nan
2016-05-06,1.0930,1.1250,0.00%,限制大额申购,开放赎回,nan
2016-05-05,1.0930,1.1250,0.00%,限制大额申购,开放赎回,nan
2016-05-04,1.0930,1.1250,0.00%,限制大额申购,开放赎回,nan
2016-05-03,1.0930,1.1250,0.09%,限制大额申购,开放赎回,nan
2016-04-29,1.0920,1.1240,0.00%,限制大额申购,开放赎回,nan
2016-04-28,1.0920,1.1240,0.09%,限制大额申购,开放赎回,nan
2016-04-27,1.0910,1.1230,0.00%,限制大额申购,开放赎回,nan
2016-04-26,1.0910,1.1230,0.00%,限制大额申购,开放赎回,nan
2016-04-25,1.0910,1.1230,-0.09%,限制大额申购,开放赎回,nan
2016-04-22,1.0920,1.1240,0.00%,限制大额申购,开放赎回,nan
2016-04-21,1.0920,1.1240,-0.09%,限制大额申购,开放赎回,nan
2016-04-20,1.0930,1.1250,-0.09%,限制大额申购,开放赎回,nan
2016-04-19,1.0940,1.1260,0.00%,限制大额申购,开放赎回,nan
2016-04-18,1.0940,1.1260,0.09%,限制大额申购,开放赎回,nan
2016-04-15,1.0930,1.1250,0.00%,限制大额申购,开放赎回,nan
2016-04-14,1.0930,1.1250,-0.09%,限制大额申购,开放赎回,nan
2016-04-13,1.0940,1.1260,0.00%,限制大额申购,开放赎回,nan
2016-04-12,1.0940,1.1260,-0.09%,限制大额申购,开放赎回,nan
2016-04-11,1.0950,1.1270,0.00%,限制大额申购,开放赎回,nan
2016-04-08,1.0950,1.1270,0.00%,限制大额申购,开放赎回,nan
2016-04-07,1.0950,1.1270,0.00%,限制大额申购,开放赎回,nan
2016-04-06,1.0950,1.1270,0.00%,限制大额申购,开放赎回,nan
2016-04-05,1.0950,1.1270,0.00%,限制大额申购,开放赎回,nan
2016-04-01,1.0950,1.1270,0.09%,限制大额申购,开放赎回,nan
2016-03-31,1.0940,1.1260,0.00%,限制大额申购,开放赎回,nan
2016-03-30,1.0940,1.1260,0.00%,限制大额申购,开放赎回,nan
2016-03-29,1.0940,1.1260,0.00%,限制大额申购,开放赎回,nan
2016-03-28,1.0940,1.1260,0.00%,限制大额申购,开放赎回,nan
2016-03-25,1.0940,1.1260,0.00%,限制大额申购,开放赎回,nan
2016-03-24,1.0940,1.1260,0.00%,限制大额申购,开放赎回,nan
2016-03-23,1.0940,1.1260,0.09%,限制大额申购,开放赎回,nan
2016-03-22,1.0930,1.1250,0.00%,限制大额申购,开放赎回,nan
2016-03-21,1.0930,1.1250,0.00%,限制大额申购,开放赎回,nan
2016-03-18,1.0930,1.1250,0.00%,限制大额申购,开放赎回,nan
2016-03-17,1.0930,1.1250,0.00%,限制大额申购,开放赎回,nan
2016-03-16,1.0930,1.1250,0.00%,限制大额申购,开放赎回,nan
2016-03-15,1.0930,1.1250,0.00%,限制大额申购,开放赎回,nan
2016-03-14,1.0930,1.1250,0.09%,限制大额申购,开放赎回,nan
2016-03-11,1.0920,1.1240,0.00%,限制大额申购,开放赎回,nan
2016-03-10,1.0920,1.1240,0.09%,限制大额申购,开放赎回,nan
2016-03-09,1.0910,1.1230,0.00%,限制大额申购,开放赎回,nan
2016-03-08,1.0910,1.1230,0.00%,限制大额申购,开放赎回,nan
2016-03-07,1.0910,1.1230,0.00%,限制大额申购,开放赎回,nan
2016-03-04,1.0910,1.1230,0.00%,限制大额申购,开放赎回,nan
2016-03-03,1.0910,1.1230,0.00%,限制大额申购,开放赎回,nan
2016-03-02,1.0910,1.1230,0.09%,限制大额申购,开放赎回,nan
2016-03-01,1.0900,1.1220,0.00%,限制大额申购,开放赎回,nan
2016-02-29,1.0900,1.1220,0.00%,限制大额申购,开放赎回,nan
2016-02-26,1.0900,1.1220,0.18%,限制大额申购,开放赎回,nan
2016-02-25,1.0880,1.1200,-0.18%,限制大额申购,开放赎回,nan
2016-02-24,1.0900,1.1220,0.09%,限制大额申购,开放赎回,nan
2016-02-23,1.0890,1.1210,0.09%,限制大额申购,开放赎回,nan
2016-02-22,1.0880,1.1200,0.00%,限制大额申购,开放赎回,nan
2016-02-19,1.0880,1.1200,0.00%,限制大额申购,开放赎回,nan
2016-02-18,1.0880,1.1200,0.09%,限制大额申购,开放赎回,nan
2016-02-17,1.0870,1.1190,0.00%,限制大额申购,开放赎回,nan
2016-02-16,1.0870,1.1190,0.00%,限制大额申购,开放赎回,nan
2016-02-15,1.0870,1.1190,0.09%,限制大额申购,开放赎回,nan
2016-02-05,1.0860,1.1180,0.00%,限制大额申购,开放赎回,nan
2016-02-04,1.0860,1.1180,0.00%,限制大额申购,开放赎回,nan
2016-02-03,1.0860,1.1180,0.00%,限制大额申购,开放赎回,nan
2016-02-02,1.0860,1.1180,0.00%,限制大额申购,开放赎回,nan
2016-02-01,1.0860,1.1180,0.00%,限制大额申购,开放赎回,nan
2016-01-29,1.0860,1.1180,0.09%,限制大额申购,开放赎回,nan
2016-01-28,1.0850,1.1170,0.00%,限制大额申购,开放赎回,nan
2016-01-27,1.0850,1.1170,-0.09%,限制大额申购,开放赎回,nan
2016-01-26,1.0860,1.1180,0.18%,限制大额申购,开放赎回,nan
2016-01-25,1.0840,1.1160,-0.09%,限制大额申购,开放赎回,nan
2016-01-22,1.0850,1.1170,0.09%,限制大额申购,开放赎回,nan
2016-01-21,1.0840,1.1160,0.00%,限制大额申购,开放赎回,nan
2016-01-20,1.0840,1.1160,-0.09%,限制大额申购,开放赎回,nan
2016-01-19,1.0850,1.1170,-0.09%,限制大额申购,开放赎回,nan
2016-01-18,1.0860,1.1180,0.00%,限制大额申购,开放赎回,nan
2016-01-15,1.0860,1.1180,0.00%,限制大额申购,开放赎回,nan
2016-01-14,1.0860,1.1180,0.09%,限制大额申购,开放赎回,nan
2016-01-13,1.0850,1.1170,0.00%,限制大额申购,开放赎回,nan
2016-01-12,1.0850,1.1170,0.09%,限制大额申购,开放赎回,nan
2016-01-11,1.0840,1.1160,0.09%,限制大额申购,开放赎回,nan
2016-01-08,1.0830,1.1150,0.00%,限制大额申购,开放赎回,nan
2016-01-07,1.0830,1.1150,0.09%,限制大额申购,开放赎回,nan
2016-01-06,1.0820,1.1140,0.00%,限制大额申购,开放赎回,nan
2016-01-05,1.0820,1.1140,0.00%,限制大额申购,开放赎回,nan
2016-01-04,1.0820,1.1140,0.00%,限制大额申购,开放赎回,nan
2015-12-31,1.0820,1.1140,0.00%,限制大额申购,开放赎回,nan
2015-12-30,1.0820,1.1140,0.00%,限制大额申购,开放赎回,nan
2015-12-29,1.0820,1.1140,0.09%,限制大额申购,开放赎回,nan
2015-12-28,1.0810,1.1130,0.00%,限制大额申购,开放赎回,nan
2015-12-25,1.0810,1.1130,0.09%,限制大额申购,开放赎回,nan
2015-12-24,1.0800,1.1120,0.00%,限制大额申购,开放赎回,nan
2015-12-23,1.0800,1.1120,0.00%,限制大额申购,开放赎回,nan
2015-12-22,1.0800,1.1120,0.09%,限制大额申购,开放赎回,nan
2015-12-21,1.0790,1.1110,0.09%,限制大额申购,开放赎回,nan
2015-12-18,1.0780,1.1100,0.00%,限制大额申购,开放赎回,nan
2015-12-17,1.0780,1.1100,0.09%,限制大额申购,开放赎回,nan
2015-12-16,1.0770,1.1090,0.00%,限制大额申购,开放赎回,nan
2015-12-15,1.0770,1.1090,0.00%,限制大额申购,开放赎回,nan
2015-12-14,1.0770,1.1090,0.09%,限制大额申购,开放赎回,nan
2015-12-11,1.0760,1.1080,0.00%,限制大额申购,开放赎回,nan
2015-12-10,1.0760,1.1080,0.00%,限制大额申购,开放赎回,nan
2015-12-09,1.0760,1.1080,0.09%,限制大额申购,开放赎回,nan
2015-12-08,1.0750,1.1070,0.00%,限制大额申购,开放赎回,nan
2015-12-07,1.0750,1.1070,0.09%,限制大额申购,开放赎回,nan
2015-12-04,1.0740,1.1060,0.09%,限制大额申购,开放赎回,nan
2015-12-03,1.0730,1.1050,0.00%,限制大额申购,开放赎回,nan
2015-12-02,1.0730,1.1050,0.00%,限制大额申购,开放赎回,nan
2015-12-01,1.0730,1.1050,0.00%,限制大额申购,开放赎回,nan
2015-11-30,1.0730,1.1050,0.09%,限制大额申购,开放赎回,nan
2015-11-27,1.0720,1.1040,0.00%,限制大额申购,开放赎回,nan
2015-11-26,1.0720,1.1040,0.00%,暂停申购,开放赎回,nan
2015-11-25,1.0720,1.1040,0.00%,暂停申购,开放赎回,nan
2015-11-24,1.0720,1.1040,0.09%,暂停申购,开放赎回,nan
2015-11-23,1.0710,1.1030,-0.09%,暂停申购,开放赎回,nan
2015-11-20,1.0720,1.1040,0.00%,暂停申购,开放赎回,nan
2015-11-19,1.0720,1.1040,-0.09%,开放申购,开放赎回,nan
2015-11-18,1.0730,1.1050,0.00%,开放申购,开放赎回,nan
2015-11-17,1.0730,1.1050,0.00%,开放申购,开放赎回,nan
2015-11-16,1.0730,1.1050,0.00%,开放申购,开放赎回,nan
2015-11-13,1.0730,1.1050,0.00%,开放申购,开放赎回,nan
2015-11-12,1.0730,1.1050,0.00%,开放申购,开放赎回,nan
2015-11-11,1.0730,1.1050,0.00%,开放申购,开放赎回,nan
2015-11-10,1.0730,1.1050,0.00%,开放申购,开放赎回,nan
2015-11-09,1.0730,1.1050,-0.19%,开放申购,开放赎回,nan
2015-11-06,1.0750,1.1070,0.00%,开放申购,开放赎回,nan
2015-11-05,1.0750,1.1070,0.00%,开放申购,开放赎回,nan
2015-11-04,1.0750,1.1070,0.00%,开放申购,开放赎回,nan
2015-11-03,1.0750,1.1070,0.00%,开放申购,开放赎回,nan
2015-11-02,1.0750,1.1070,0.00%,开放申购,开放赎回,nan
2015-10-30,1.0750,1.1070,0.00%,开放申购,开放赎回,nan
2015-10-29,1.0750,1.1070,0.09%,开放申购,开放赎回,nan
2015-10-28,1.0740,1.1060,0.09%,开放申购,开放赎回,nan
2015-10-27,1.0730,1.1050,0.00%,开放申购,开放赎回,nan
2015-10-26,1.0730,1.1050,0.19%,开放申购,开放赎回,nan
2015-10-23,1.0710,1.1030,0.00%,开放申购,开放赎回,nan
2015-10-22,1.0710,1.1030,0.00%,开放申购,开放赎回,nan
2015-10-21,1.0710,1.1030,0.00%,开放申购,开放赎回,nan
2015-10-20,1.0710,1.1030,0.09%,开放申购,开放赎回,nan
2015-10-19,1.0700,1.1020,0.00%,开放申购,开放赎回,nan
2015-10-16,1.0700,1.1020,0.00%,开放申购,开放赎回,nan
2015-10-15,1.0700,1.1020,0.00%,开放申购,开放赎回,nan
2015-10-14,1.0700,1.1020,0.09%,开放申购,开放赎回,nan
2015-10-13,1.0690,1.1010,0.00%,开放申购,开放赎回,nan
2015-10-12,1.0690,1.1010,0.09%,开放申购,开放赎回,nan
2015-10-09,1.0680,1.1000,0.00%,开放申购,开放赎回,nan
2015-10-08,1.0680,1.1000,0.09%,开放申购,开放赎回,nan
2015-09-30,1.0670,1.0990,0.00%,开放申购,开放赎回,nan
2015-09-29,1.0670,1.0990,0.09%,开放申购,开放赎回,nan
2015-09-28,1.0660,1.0980,0.00%,开放申购,开放赎回,nan
2015-09-25,1.0660,1.0980,0.09%,开放申购,开放赎回,nan
2015-09-24,1.0650,1.0970,-0.09%,开放申购,开放赎回,nan
2015-09-23,1.0660,1.0980,0.00%,开放申购,开放赎回,nan
2015-09-22,1.0660,1.0980,0.00%,开放申购,开放赎回,nan
2015-09-21,1.0660,1.0980,0.00%,开放申购,开放赎回,nan
2015-09-18,1.0660,1.0980,0.09%,开放申购,开放赎回,nan
2015-09-17,1.0650,1.0970,-0.09%,开放申购,开放赎回,nan
2015-09-16,1.0660,1.0980,0.09%,开放申购,开放赎回,nan
2015-09-15,1.0650,1.0970,0.00%,开放申购,开放赎回,nan
2015-09-14,1.0650,1.0970,0.09%,开放申购,开放赎回,nan
2015-09-11,1.0640,1.0960,0.00%,开放申购,开放赎回,nan
2015-09-10,1.0640,1.0960,0.00%,开放申购,开放赎回,nan
2015-09-09,1.0640,1.0960,0.00%,开放申购,开放赎回,nan
2015-09-08,1.0640,1.0960,0.09%,开放申购,开放赎回,nan
2015-09-07,1.0630,1.0950,0.00%,开放申购,开放赎回,nan
2015-09-02,1.0630,1.0950,0.09%,开放申购,开放赎回,nan
2015-09-01,1.0620,1.0940,0.00%,开放申购,开放赎回,nan
2015-08-31,1.0620,1.0940,0.09%,开放申购,开放赎回,nan
2015-08-28,1.0610,1.0930,0.09%,开放申购,开放赎回,nan
2015-08-27,1.0600,1.0920,0.00%,开放申购,开放赎回,nan
2015-08-26,1.0600,1.0920,0.00%,开放申购,开放赎回,nan
2015-08-25,1.0600,1.0920,0.00%,开放申购,开放赎回,nan
2015-08-24,1.0600,1.0920,0.00%,开放申购,开放赎回,nan
2015-08-21,1.0600,1.0920,0.09%,开放申购,开放赎回,nan
2015-08-20,1.0590,1.0910,0.00%,开放申购,开放赎回,nan
2015-08-19,1.0590,1.0910,0.00%,开放申购,开放赎回,nan
2015-08-18,1.0590,1.0910,0.00%,开放申购,开放赎回,nan
2015-08-17,1.0590,1.0910,0.00%,开放申购,开放赎回,nan
2015-08-14,1.0590,1.0910,0.09%,开放申购,开放赎回,nan
2015-08-13,1.0580,1.0900,0.00%,开放申购,开放赎回,nan
2015-08-12,1.0580,1.0900,0.00%,开放申购,开放赎回,nan
2015-08-11,1.0580,1.0900,-0.09%,开放申购,开放赎回,nan
2015-08-10,1.0590,1.0910,0.09%,开放申购,开放赎回,nan
2015-08-07,1.0580,1.0900,0.09%,开放申购,开放赎回,nan
2015-08-06,1.0570,1.0890,0.00%,开放申购,开放赎回,nan
2015-08-05,1.0570,1.0890,0.09%,开放申购,开放赎回,nan
2015-08-04,1.0560,1.0880,0.00%,开放申购,开放赎回,nan
2015-08-03,1.0560,1.0880,0.00%,开放申购,开放赎回,nan
2015-07-31,1.0560,1.0880,0.09%,开放申购,开放赎回,nan
2015-07-30,1.0550,1.0870,0.00%,开放申购,开放赎回,nan
2015-07-29,1.0550,1.0870,0.09%,开放申购,开放赎回,nan
2015-07-28,1.0540,1.0860,0.00%,开放申购,开放赎回,nan
2015-07-27,1.0540,1.0860,0.00%,开放申购,开放赎回,nan
2015-07-24,1.0540,1.0860,0.10%,开放申购,开放赎回,nan
2015-07-23,1.0530,1.0850,0.10%,开放申购,开放赎回,nan
2015-07-22,1.0520,1.0840,0.10%,开放申购,开放赎回,nan
2015-07-21,1.0510,1.0830,0.00%,开放申购,开放赎回,nan
2015-07-20,1.0510,1.0830,0.00%,开放申购,开放赎回,nan
2015-07-17,1.0510,1.0830,0.00%,开放申购,开放赎回,nan
2015-07-16,1.0510,1.0830,0.10%,开放申购,开放赎回,nan
2015-07-15,1.0500,1.0820,0.00%,开放申购,开放赎回,nan
2015-07-14,1.0500,1.0820,0.00%,开放申购,开放赎回,nan
2015-07-13,1.0500,1.0820,0.10%,开放申购,开放赎回,nan
2015-07-10,1.0490,1.0810,0.00%,开放申购,开放赎回,nan
2015-07-09,1.0490,1.0810,0.00%,开放申购,开放赎回,nan
2015-07-08,1.0490,1.0810,0.00%,开放申购,开放赎回,nan
2015-07-07,1.0490,1.0810,0.19%,开放申购,开放赎回,nan
2015-07-06,1.0470,1.0790,0.00%,开放申购,开放赎回,nan
2015-07-03,1.0470,1.0790,0.10%,开放申购,开放赎回,nan
2015-07-02,1.0460,1.0780,0.10%,开放申购,开放赎回,nan
2015-07-01,1.0450,1.0770,0.00%,开放申购,开放赎回,nan
2015-06-30,1.0450,1.0770,0.10%,开放申购,开放赎回,nan
2015-06-29,1.0440,1.0760,0.00%,开放申购,开放赎回,nan
2015-06-26,1.0440,1.0760,0.00%,开放申购,开放赎回,nan
2015-06-25,1.0440,1.0760,0.00%,开放申购,开放赎回,nan
2015-06-24,1.0440,1.0760,-0.10%,开放申购,开放赎回,nan
2015-06-23,1.0450,1.0770,0.10%,开放申购,开放赎回,nan
2015-06-19,1.0440,1.0760,0.00%,开放申购,开放赎回,nan
2015-06-18,1.0440,1.0760,0.10%,开放申购,开放赎回,nan
2015-06-17,1.0430,1.0750,-0.19%,开放申购,开放赎回,nan
2015-06-16,1.0450,1.0770,0.10%,开放申购,开放赎回,nan
2015-06-15,1.0440,1.0760,0.00%,开放申购,开放赎回,nan
2015-06-12,1.0440,1.0760,0.00%,开放申购,开放赎回,nan
2015-06-11,1.0440,1.0760,0.00%,开放申购,开放赎回,nan
2015-06-10,1.0440,1.0760,-0.10%,开放申购,开放赎回,nan
2015-06-09,1.0450,1.0770,0.00%,开放申购,开放赎回,nan
2015-06-08,1.0450,1.0770,0.00%,开放申购,开放赎回,nan
2015-06-05,1.0450,1.0770,0.00%,开放申购,开放赎回,nan
2015-06-04,1.0450,1.0770,0.00%,开放申购,开放赎回,nan
2015-06-03,1.0450,1.0770,0.10%,开放申购,开放赎回,nan
2015-06-02,1.0440,1.0760,0.00%,开放申购,开放赎回,nan
2015-06-01,1.0440,1.0760,0.00%,开放申购,开放赎回,nan
2015-05-29,1.0440,1.0760,0.00%,开放申购,开放赎回,nan
2015-05-28,1.0440,1.0760,0.00%,开放申购,开放赎回,nan
2015-05-27,1.0440,1.0760,-0.10%,开放申购,开放赎回,nan
2015-05-26,1.0450,1.0770,-0.10%,开放申购,开放赎回,nan
2015-05-25,1.0460,1.0780,0.00%,开放申购,开放赎回,nan
2015-05-22,1.0460,1.0780,0.10%,开放申购,开放赎回,nan
2015-05-21,1.0450,1.0770,0.00%,开放申购,开放赎回,nan
2015-05-20,1.0450,1.0770,0.00%,开放申购,开放赎回,nan
2015-05-19,1.0450,1.0770,0.00%,开放申购,开放赎回,nan
2015-05-18,1.0450,1.0770,0.00%,开放申购,开放赎回,nan
2015-05-15,1.0450,1.0770,0.10%,开放申购,开放赎回,nan
2015-05-14,1.0440,1.0760,0.19%,开放申购,开放赎回,nan
2015-05-13,1.0420,1.0740,0.00%,开放申购,开放赎回,nan
2015-05-12,1.0420,1.0740,0.10%,开放申购,开放赎回,nan
2015-05-11,1.0410,1.0730,0.10%,开放申购,开放赎回,nan
2015-05-08,1.0400,1.0720,0.00%,开放申购,开放赎回,nan
2015-05-07,1.0400,1.0720,0.00%,开放申购,开放赎回,nan
2015-05-06,1.0400,1.0720,0.00%,开放申购,开放赎回,nan
2015-05-05,1.0400,1.0720,0.00%,开放申购,开放赎回,nan
2015-05-04,1.0400,1.0720,0.00%,开放申购,开放赎回,nan
2015-04-30,1.0400,1.0720,0.00%,开放申购,开放赎回,nan
2015-04-29,1.0400,1.0720,0.00%,开放申购,开放赎回,nan
2015-04-28,1.0400,1.0720,0.10%,开放申购,开放赎回,nan
2015-04-27,1.0390,1.0710,0.00%,开放申购,开放赎回,nan
2015-04-24,1.0390,1.0710,0.00%,开放申购,开放赎回,nan
2015-04-23,1.0390,1.0710,0.00%,开放申购,开放赎回,nan
2015-04-22,1.0390,1.0710,0.10%,开放申购,开放赎回,nan
2015-04-21,1.0380,1.0700,0.00%,开放申购,开放赎回,nan
2015-04-20,1.0380,1.0700,0.10%,开放申购,开放赎回,nan
2015-04-17,1.0370,1.0690,0.00%,开放申购,开放赎回,nan
2015-04-16,1.0370,1.0690,0.10%,开放申购,开放赎回,nan
2015-04-15,1.0360,1.0680,0.00%,开放申购,开放赎回,nan
2015-04-14,1.0360,1.0680,0.00%,开放申购,开放赎回,nan
2015-04-13,1.0360,1.0680,0.10%,开放申购,开放赎回,nan
2015-04-10,1.0350,1.0670,0.00%,开放申购,开放赎回,nan
2015-04-09,1.0350,1.0670,0.00%,开放申购,开放赎回,nan
2015-04-08,1.0350,1.0670,0.10%,开放申购,开放赎回,nan
2015-04-07,1.0340,1.0660,0.00%,开放申购,开放赎回,nan
2015-04-03,1.0340,1.0660,0.10%,开放申购,开放赎回,nan
2015-04-02,1.0330,1.0650,0.00%,开放申购,开放赎回,nan
2015-04-01,1.0330,1.0650,0.00%,开放申购,开放赎回,nan
2015-03-31,1.0330,1.0650,0.00%,开放申购,开放赎回,nan
2015-03-30,1.0330,1.0650,0.00%,开放申购,开放赎回,nan
2015-03-27,1.0330,1.0650,0.00%,开放申购,开放赎回,nan
2015-03-26,1.0330,1.0650,0.00%,开放申购,开放赎回,nan
2015-03-25,1.0330,1.0650,0.00%,开放申购,开放赎回,nan
2015-03-24,1.0330,1.0650,0.00%,开放申购,开放赎回,nan
2015-03-23,1.0330,1.0650,0.00%,开放申购,开放赎回,nan
2015-03-20,1.0330,1.0650,0.10%,开放申购,开放赎回,nan
2015-03-19,1.0320,1.0640,0.00%,开放申购,开放赎回,nan
2015-03-18,1.0320,1.0640,0.00%,开放申购,开放赎回,nan
2015-03-17,1.0320,1.0640,0.00%,开放申购,开放赎回,nan
2015-03-16,1.0320,1.0640,0.00%,开放申购,开放赎回,nan
2015-03-13,1.0320,1.0640,0.10%,开放申购,开放赎回,nan
2015-03-12,1.0310,1.0630,0.00%,开放申购,开放赎回,nan
2015-03-11,1.0310,1.0630,0.00%,开放申购,开放赎回,nan
2015-03-10,1.0310,1.0630,0.00%,开放申购,开放赎回,nan
2015-03-09,1.0310,1.0630,0.00%,开放申购,开放赎回,nan
2015-03-06,1.0310,1.0630,0.00%,开放申购,开放赎回,nan
2015-03-05,1.0310,1.0630,0.00%,开放申购,开放赎回,nan
2015-03-04,1.0310,1.0630,0.00%,开放申购,开放赎回,nan
2015-03-03,1.0310,1.0630,0.00%,开放申购,开放赎回,nan
2015-03-02,1.0310,1.0630,0.10%,开放申购,开放赎回,nan
2015-02-27,1.0300,1.0620,0.00%,开放申购,开放赎回,nan
2015-02-26,1.0300,1.0620,0.00%,开放申购,开放赎回,nan
2015-02-25,1.0300,1.0620,0.10%,开放申购,开放赎回,nan
2015-02-17,1.0290,1.0610,0.00%,开放申购,开放赎回,nan
2015-02-16,1.0290,1.0610,0.00%,开放申购,开放赎回,nan
2015-02-13,1.0290,1.0610,0.10%,开放申购,开放赎回,nan
2015-02-12,1.0280,1.0600,0.00%,开放申购,开放赎回,nan
2015-02-11,1.0280,1.0600,0.00%,开放申购,开放赎回,nan
2015-02-10,1.0280,1.0600,0.00%,开放申购,开放赎回,nan
2015-02-09,1.0280,1.0600,0.00%,开放申购,开放赎回,nan
2015-02-06,1.0280,1.0600,0.10%,开放申购,开放赎回,nan
2015-02-05,1.0270,1.0590,0.00%,开放申购,开放赎回,nan
2015-02-04,1.0270,1.0590,0.00%,开放申购,开放赎回,nan
2015-02-03,1.0270,1.0590,0.00%,开放申购,开放赎回,nan
2015-02-02,1.0270,1.0590,0.10%,开放申购,开放赎回,nan
2015-01-30,1.0260,1.0580,0.00%,开放申购,开放赎回,nan
2015-01-29,1.0260,1.0580,-0.10%,开放申购,开放赎回,nan
2015-01-28,1.0270,1.0590,0.00%,开放申购,开放赎回,nan
2015-01-27,1.0270,1.0590,0.00%,开放申购,开放赎回,nan
2015-01-26,1.0270,1.0590,0.00%,开放申购,开放赎回,nan
2015-01-23,1.0270,1.0590,0.00%,开放申购,开放赎回,nan
2015-01-22,1.0270,1.0590,0.10%,开放申购,开放赎回,nan
2015-01-21,1.0260,1.0580,0.00%,开放申购,开放赎回,nan
2015-01-20,1.0260,1.0580,0.10%,开放申购,开放赎回,nan
2015-01-19,1.0250,1.0570,0.00%,开放申购,开放赎回,nan
2015-01-16,1.0250,1.0570,0.10%,开放申购,开放赎回,nan
2015-01-15,1.0240,1.0560,0.00%,开放申购,开放赎回,nan
2015-01-14,1.0240,1.0560,0.10%,开放申购,开放赎回,每份派现金0.0210元
2015-01-13,1.0440,1.0550,0.00%,开放申购,开放赎回,nan
2015-01-12,1.0440,1.0550,0.00%,开放申购,开放赎回,nan
2015-01-09,1.0440,1.0550,0.10%,开放申购,开放赎回,nan
2015-01-08,1.0430,1.0540,0.00%,开放申购,开放赎回,nan
2015-01-07,1.0430,1.0540,0.00%,开放申购,开放赎回,nan
2015-01-06,1.0430,1.0540,0.10%,开放申购,开放赎回,nan
2015-01-05,1.0420,1.0530,0.10%,开放申购,开放赎回,nan
